key,label,v10,ecap,ratio_ecap_over_v10
n_loaded,载流链数,224432.0,235612.0,1.0498146431881372
n_cong_cut0,"拥堵链数 N_cong(cut0, excess>0)",7985.0,15083.0,1.8889167188478397
n_cong_cut50,拥堵链数 N_cong(cut50),721.0,1805.0,2.503467406380028
n_cong_ge1s,拥堵链数 N_cong(excess≥1.0s),1308.0,6138.0,4.692660550458716
n_vc_ge_05,n(v/c≥0.5),2813.0,15104.0,5.369356558833985
n_vc_ge_09,n(v/c≥0.9),220.0,1484.0,6.745454545454545
n_vc_ge_10,n(v/c≥1.0),82.0,501.0,6.109756097560975
sat_km,饱和里程 (km),1.15142,7.337939000000003,6.372947317225688
share_len_saturated,饱和里程占比,7.611939311803789e-05,0.0004851048821604471,6.372947317225689
max_vc,max v/c,1.0,1.0016949993086661,1.0016949993086661
peak_agg_vc,Σ流量/Σ容量,0.09332258166096544,0.19786690254810824,2.1202467722865315
delay_h,总延误 (veh·h),4778.773666111114,21850.325022777768,4.572370769038576
total_flow,Σ HRS8-9avg（全网）,40008184.0,38130232.0,0.9530608037595508
