GEOID,population,population_density,area,natural_green_field,natural_beach,natural_water,natural_other,landuse_transportation,landuse_commercial,landuse_construction,landuse_agriculture,landuse_greenfield,landuse_residential,landuse_brownfield,landuse_education,landuse_office,landuse_public_area,landuse_other,landuse_industrial,building_restaurant,building_residential,building_school,building_transportation hub,building_other,building_health,building_industrial,building_parking,building_fuel,building_transit,building_bank,building_religious,building_commercial,building_tourism,building_shop,building_agriculture,building_sport,building_office,building_leisure,point_school,point_restaurant,point_parking,point_religious,point_residential,point_tourism,point_traffic_signal,point_bank,point_transit,point_transportation_hub,point_sport,point_shop,point_fuel,point_leisure,point_commercial,point_industrial,point_office,point_healthcare,main_road_line,residential_line,other_road_line
0,82196,2.3480999319255065,3.5005324467854746,0.0,0.0,0.01110948305405931,0.0,0.0,0.027208354235004034,0.10578287928771726,0.00023207246540414583,0.007500417109476652,0.3971843656748354,0.0,0.0,0.0,0.01111595586968512,0.0,0.07153547954802435,0.00019042529088377243,0.4837739412548679,0.15659844270554063,0.0,3.030560823811577,0.0,0.018452934230471348,0.02578630782005291,0.00027782285797657184,0.00017463043019948855,0.0,0.00206485386622955,0.005321421790062368,7.791449702341553e-05,3.607412080487309e-05,0.0,0.030270198189712064,0.00010463483022989933,0.07581103899846053,0.079987831638905,0.09998478954863124,0.0885579564573591,0.0,0.0,0.0028567082728180354,0.21425312046135264,0.02571037445536232,0.20568299564289855,0.0028567082728180354,0.05142074891072464,0.1371219970952657,0.005713416545636071,0.12283845573117552,0.02571037445536232,0.0028567082728180354,0.07427441509326892,0.008570124818454107,0.005864828579763805,0.003942270439332769,0.04165278808168137
1,96,0.0024335761585869923,3.94481182194604,0.08699051334536585,0.0,0.12807858540321865,0.0,0.0,0.0,0.0,0.0,0.06493718267250045,0.05133094348470418,0.0,0.0,0.0,0.0003995956998350383,0.5587036307997738,0.036736804991353664,0.0,0.0,0.0012491727065943863,0.0,3.0401707280307306,0.0,0.0,0.0,0.0,0.0,0.0,0.00019998493458920692,0.0,0.0,0.0,0.0,0.0,0.0,0.001847656234514241,0.0025349751651947854,0.0,0.0,0.0,0.0,0.0,0.0177448261563635,0.0,0.015209850991168714,0.0,0.0025349751651947854,0.007604925495584357,0.0,0.0025349751651947854,0.0,0.0,0.0,0.0,0.003137893186528017,0.000787729365322677,0.009688605012080605
2,98070,2.265764989992386,4.328339454143015,0.006584780327387109,0.0,0.0033696052019818747,0.0,0.0,0.01801922964052493,0.0009493268164741889,0.002952844442201726,0.006510431571442884,1.0659925428153112,0.0,0.001662087865579884,0.0,0.00043517468501174625,0.011722461058428871,0.04913630123442117,0.0,0.04898457546877317,0.055005317423291046,0.0007932831480310588,3.2662952363689888,0.0022966566511796755,0.023180986170863397,0.001109717808738826,0.0010361768021685922,0.0,0.00015494848249375434,0.0043285835330801655,0.007352656087194095,0.0010955477759540806,0.0005500111168251816,0.0,0.005095244425394224,0.0016409983541175806,0.01886638456343352,0.03465532257559486,0.15941448384773635,0.009241419353491962,0.011551774191864954,0.0069310645151189725,0.020793193545356917,0.07855206450468169,0.016172483868610935,0.20331122577682317,0.0,0.025413903222102897,0.27724258060475887,0.0023103548383729905,0.10858667740353056,0.0069310645151189725,0.0,0.05544851612095178,0.016172483868610935,0.005970076859145781,0.009747037772373306,0.030978009534604417
3,283,0.007756748221359874,3.648436070423153,0.010448041898245965,0.0,0.028405932399347147,0.0,0.0,0.004039024610557264,0.0,0.19406896983169125,0.054858077192334036,0.028406766732742957,0.0,0.0,0.0,0.0,0.0,0.08195087805400762,3.806255439107958e-05,0.0,0.0,0.0,3.034809332405674,0.0,0.04176792249501005,0.007080094040084999,0.0,0.0,0.0,0.0,0.0075840948045101724,0.0,0.0,0.0,0.00037680906506712473,0.0018044784355889432,0.013253809096350589,0.002740900431575945,0.030149904747335393,0.18089942848401236,0.0,0.0,0.019186303021031612,0.024668103884183504,0.0,0.060299809494670786,0.01096360172630378,0.0,0.01096360172630378,0.002740900431575945,0.030149904747335393,0.0,0.00548180086315189,0.013704502157879724,0.0,0.005326747851615892,0.0009105773049212837,0.01903400674988191
4,16942,0.48512612451853016,3.4922877049374144,0.059097317016708034,0.00017974947484113895,0.0017520367563084705,0.0,0.0,0.0014648411411342863,0.11794753033623917,0.009860552942154644,0.24300190534943386,0.3084417517283459,0.0,0.002674263878699165,0.0,0.0,0.0,0.0,0.00031606530439403437,0.027917135538179837,0.01706652059157911,4.523929021345836e-05,3.076507133020914,0.0,0.0002812695481695462,0.0034548422635490763,8.930559744246678e-05,0.0,0.0,0.0,0.0,0.0,0.0025573828035520114,0.0,0.03309652028759796,0.0005076673440236885,0.013341654724649857,0.014317262558096169,0.03149797762781157,0.002863452511619234,0.002863452511619234,0.002863452511619234,0.011453810046476935,0.017180715069715403,0.0,0.02290762009295387,0.0,0.011453810046476935,0.048678692697526976,0.0,0.07444976530210008,0.005726905023238468,0.0,0.005726905023238468,0.005726905023238468,0.003529259699173645,0.005152188912657888,0.016496907780534784
5,270,0.005168306224902825,5.224148652396783,0.04104939239894466,0.0,0.02016240634609818,0.0,0.051103829129187484,0.0,0.013348276523448272,1.916337113290146e-05,0.4814000889210872,0.0,0.0,0.0,0.0,0.0008573892039574484,0.22187926909367456,0.09570272860520607,7.761395823804392e-05,0.0,0.0,0.0,3.0278418311657793,0.0,0.02787511674490976,0.006167160429122531,0.00021589671115291085,0.0,0.0,0.00021493338966672713,0.0013144282620059608,0.0,0.0004552632801536852,0.0,0.0,0.0001165129076494026,0.0009574198227825488,0.0019141874907047647,0.0019141874907047647,0.0,0.0,0.0,0.005742562472114294,0.015313499925638118,0.0,0.05168306224902865,0.0,0.0,0.005742562472114294,0.0,0.007656749962819059,0.0,0.005742562472114294,0.0038283749814095294,0.0,0.0032736985699202015,0.0003075849097050331,0.023692283650195937
6,44875,1.075745645723828,4.171525134996511,0.811780773452842,0.0,0.02236158299229814,0.0,0.0,0.004112370493165658,0.0,0.002599863438920582,0.0591445320619312,0.039451781235983654,0.0,0.0,0.0005352636505547083,0.005512615998582946,0.0,0.0,0.0004037654004699842,0.02519638115582257,0.002275796024176409,0.00012730124243701352,3.008260498932048,6.434408593380665e-05,0.0,0.003530734170589694,0.0,0.0,0.0,0.0017862578082500405,0.0,0.0004033955206854768,0.000920012488189851,0.0,0.0006991554065842056,0.0001177734016079806,0.7882609110643226,0.007191614344671829,0.014383228689343658,0.007191614344671829,0.0023972047815572764,0.0023972047815572764,0.23972047815572764,0.031163662160244594,0.004794409563114553,0.028766457378687316,0.0,0.014383228689343658,0.028766457378687316,0.0,0.06472452910204646,0.0,0.0,0.009588819126229105,0.0,0.0026534020756509955,0.0009924623467392505,0.015879340947932318
7,0,0.0,3.4758967288585314,0.0,0.0,0.059486896398405195,0.0,0.0,0.0,0.0,0.0,0.7580266820488128,0.0,0.0,0.0,0.0,0.0,0.0,0.0,0.0,0.0,0.0,0.0,2.883015873263564,0.0,0.0,0.012778663743187833,0.0,0.0,0.0,0.0,0.0,0.0,0.0,0.0,0.0,0.0,0.00036562120214682267,0.0,0.0,0.0,0.0,0.0,0.0,0.01726173263487711,0.0,0.0,0.0,0.0,0.0,0.0,0.0,0.0,0.0,0.0,0.0,0.0007281661954435044,1.0857996914584508e-05,0.008161273508671015
8,673,0.015228420924560546,4.419368254489072,0.014006324388406028,0.0,0.00417150995518319,0.0,0.08681586853261264,0.005048075918797152,0.0,0.0,0.771757972822868,0.0,0.0,0.0,0.0,0.0,0.014006324388406028,0.0,0.0,0.0,0.0,0.0,3.041199267481252,0.0,0.0,0.00034903667317795126,0.0,0.0,0.0,0.0,0.0,0.0,0.0,0.0,0.0,0.0006057565287447398,0.07081804412951617,0.0,0.0,0.0,0.0,0.0,0.0,0.011313834267875657,0.0,0.01357660112145079,0.0,0.0,0.0,0.0,0.004525533707150264,0.0,0.0,0.0,0.0,0.0034113537609785334,0.0003357822433124493,0.016063509025373606
9,58118,1.4946141113116607,3.88849533536092,0.0029760778751920674,0.0,0.015510162629906253,0.0,0.0,0.00039257772251184833,0.028726048658882987,0.0005227016171500413,0.22209133456396443,0.3691265606320586,0.0,0.0,0.0,0.002734231642629892,0.0,0.080253005180729,0.0,0.05859849912164674,0.037675983989418474,0.001123210186175531,3.1010199105004417,0.0,0.0005052776515304654,0.013918105325080775,0.0007336193668225008,0.00015648289506420984,0.0001543217998445332,0.025527932788025863,0.011082935074905995,0.0030554761359156434,0.0059261611428502725,0.0,0.0066780145597685695,1.4083498553781385e-05,0.28311833522363117,0.0771506647499051,0.22116523894972795,0.08743742004989244,0.010286755299987346,0.005143377649993673,0.05143377649993673,0.18773328422476906,0.025716888249968366,0.17487484009978488,0.0,0.028288577074965203,0.3137460366496141,0.0025716888249968364,0.19287666187476274,0.010286755299987346,0.005143377649993673,0.08229404239989876,0.04114702119994938,0.005410751534013569,0.0055888865384309755,0.036115547302419594
10,122931,2.8121246577686,4.371463393715443,0.001180341600002149,0.0,0.003825157861588651,0.0,0.0,0.02671501494700541,0.007303903639845098,0.0013211658854700725,0.01686143156869209,0.5539282220116382,0.0,0.0,0.0,0.0,0.0056967255168502255,0.0,0.0,0.22787952591528635,0.06696820548004973,0.0009493069771124559,3.0345663226653707,0.0,0.0,0.021851597715430857,0.0,0.0020095811395155387,0.0003559814414805405,0.0030091636401794793,0.009376859058025601,3.787653269593444e-05,0.009526759511294561,0.0,0.005897687286821349,0.0015407119866653034,0.07805013753224639,0.0183005078150741,0.08006472169094918,0.06862690430652787,0.006862690430652787,0.0,0.00915025390753705,0.35457233891706064,0.05947665039899082,0.23561903811907903,0.0,0.006862690430652787,0.14869162599747704,0.0022875634768842624,0.07777715821406492,0.02745076172261115,0.0,0.013725380861305574,0.02058807129195836,0.0075597507905009334,0.004616243740152002,0.03648435213688528
11,31772,0.5922742882270673,5.364406429849811,0.15407067436398744,0.0010194193418411553,0.055504776862587285,0.13577866697750304,0.0,0.0,0.02201757232188164,0.06240874930482999,0.09088855679698618,0.0,0.0,0.0,0.0,0.0008195867511619136,0.029255892975660554,0.11738348553903256,0.0,0.0,0.0,0.0,2.8765019483184555,0.0,0.0189879975823254,0.0010399488206113074,0.0,0.0,0.0,0.0,0.0,0.0,0.0,0.0,0.0,0.00010516316194059246,0.028530860903855815,0.0,0.0,0.0018641391420970283,0.0,0.0,0.0,0.03355450455774651,0.0,0.005592417426291085,0.0,0.0,0.0,0.0,0.0,0.0,0.0018641391420970283,0.0,0.0,0.002648587450941455,2.8928102861322573e-06,0.0114220034874343
12,38,0.0006646957719849837,5.716901115004906,0.0,0.0,0.0006592123777186407,0.07357242885987954,0.0,0.0,0.0,0.09240996398266424,0.0031874567778890223,0.0,0.0,0.0,0.0,0.0,0.0,0.25425594836671417,0.0,0.0,0.0,0.0,3.097587132844078,0.0,0.026928037245412567,0.0,0.0,0.0,0.0,0.0,0.007978193678902915,0.0,0.0,0.0,0.0,0.0,0.0,0.0,0.0052475981998814656,0.0,0.0,0.0,0.0,0.0,0.0017491993999604884,0.06821877659845905,0.0,0.0,0.008745996999802443,0.0017491993999604884,0.003498398799920977,0.0017491993999604884,0.0,0.0052475981998814656,0.0017491993999604884,0.005023067546694589,0.0005459883982649856,0.026023023184946946
13,2039,0.027973533199701753,7.289032763375558,0.0,0.0,0.006067933730307602,0.0,0.0,0.0,0.0,0.0,0.3229418398086873,0.00013572584865911058,0.0,0.0,0.0,0.0,0.8651053626720713,0.0,0.0,0.0,0.0,0.0,3.0215838695094916,0.0,0.0,0.0034897692361438694,0.0,0.0,0.0,0.0,0.0,0.00010812457481680748,0.0,0.0,0.00011248664099735997,0.0,0.08985540246156368,0.0,0.0013719241392693342,0.0013719241392693342,0.0,0.0,0.0013719241392693342,0.004115772417808003,0.0,0.00960346897488534,0.0,0.0,0.0,0.0,0.0027438482785386684,0.0,0.0,0.0,0.0,0.001436528022769313,2.752297842900149e-05,0.01157610473780772
14,40,0.0005644831440973625,7.08612833142468,0.0,0.0,0.0002673891102014691,0.0,0.0,0.0,0.0,0.0,0.6005067705584388,0.0,0.0,0.0,0.0,0.002044214315230606,0.9434374786062953,0.0011540365564089619,0.0,0.0,0.0,0.0,3.0233986643379644,0.0,0.0,0.0003260939809202761,0.0,0.0,0.0,0.0,0.0,0.0005254399318009449,0.0,0.0,0.00017142703858750844,0.00020246528414937534,0.0019279758212469317,0.0014112078602434043,0.0,0.004233623580730213,0.0,0.0,0.0028224157204868087,0.02257932576389447,0.0,0.019756910043407662,0.005644831440973617,0.0,0.0,0.0,0.0028224157204868087,0.0,0.005644831440973617,0.0,0.0,0.0013584998825298352,5.898989575879913e-07,0.011407566426924785
15,14,0.00018856853887398175,7.424356196213645,0.00048319544298938114,0.0,0.009730034696187781,0.0,0.0,0.0,0.27075123076843727,0.0,0.4917796555175594,0.04868140405202541,0.0,0.0,0.0,0.0,0.0,0.0,0.0,0.02316072188567865,0.00014188453412698857,0.0,3.9920206871171557,0.0,0.0,0.02517700062633266,0.0,0.0009046508842748505,0.0,0.0,0.0005896088008181177,0.0,0.0003964230055611428,0.0,0.001505251800697524,0.0,0.02435926687473524,0.0013469181348141574,0.0,0.0659989886058937,0.0,0.0,0.0013469181348141574,0.048489052853309664,0.0,0.03501987150516809,0.0,0.012122263213327416,0.04444829844886719,0.0,0.02020377202221236,0.0,0.0,0.0,0.0,0.0025632475916487064,0.0005332863938316571,0.025467243828639338
16,67722,0.85822528871221,7.890935036605443,0.01692437096070449,0.0032168401441948383,0.05346693616642636,0.0,0.01946435859003414,0.14690392684569276,0.0820997187832436,0.0034640380638043247,0.0689445461608123,0.01177126884477786,0.0011119356456833806,0.0,0.0,0.0,0.0006588809747011796,0.0873049139260452,0.00037979066409475837,0.003665131921915506,0.02176050656412017,0.0008838445967227497,3.0882672192229896,0.0,0.0010114080433651796,0.012826229729014836,0.0,0.0,0.0012816945894585357,0.0001217060453741538,0.0016206855085445552,0.0023293260726805053,0.004192873871516324,0.0,0.0052286417169870305,0.052954695401957234,0.4418739322691779,0.005069107756488053,0.08617483186029691,0.008870938573854093,0.0,0.00380183081736604,0.008870938573854093,0.017741877147708186,0.010138215512976107,0.07983844716468684,0.0,0.00380183081736604,0.05956201613873462,0.00380183081736604,0.031681923478050336,0.005069107756488053,0.0012672769391220134,0.01140549245209812,0.00380183081736604,0.004804371666727072,0.0002427661678776951,0.03409936605741794
17,35216,0.4135584053403552,8.5153631374068,0.014487038696867682,0.0026961187830874056,0.38876896380727227,0.0,0.0,0.0,0.04082012745094234,7.284547562028931e-05,0.22015440515304405,0.03330309092802354,0.0,0.0,0.0,0.0,0.0004774404581452047,0.01680106091563041,0.0,0.0076773808251685794,0.0,0.0,3.008067792710108,0.0,0.0,0.0040927578823362065,0.0,0.0,0.0,0.0,0.0,1.3095863347594864e-05,1.250684181078707e-05,0.0,0.005134936170470675,0.0,0.23550993750019636,0.0011743480387901917,0.004697392155160767,0.011743480387901916,0.0,0.0,0.0,0.0011743480387901917,0.0011743480387901917,0.025835656853384216,0.0,0.00704608823274115,0.011743480387901916,0.0,0.017615220581852876,0.003523044116370575,0.0,0.0,0.0,0.002091408477430683,0.00035641832369447514,0.01635634742996511
18,0,0.0,4.999402934532525,0.43231349729042123,0.09484206417536638,0.33966953481018963,0.0,0.0,0.0,0.0,0.0,0.06055467138124386,0.0,0.0,0.0,0.0,0.0,0.0,0.17941160868332537,0.0,0.0,0.012780342315651576,0.0,2.9610987995985796,0.0,0.0,0.0,0.0,0.0,0.0,0.0,0.0,0.0,0.0,0.0,0.0,0.0,0.0,0.0,0.0,0.0,0.0,0.0,0.0,0.0,0.0,0.0,0.0,0.0,0.0,0.0,0.0,0.0,0.0020002388547093676,0.0,0.0,0.0,0.0,0.007856434928101117
19,157,0.0008908529493260007,17.6235595469244,0.21016165437216522,0.0,0.20463132858839378,0.004751367768394627,0.0,0.00923996270733152,0.0008919487437851234,0.17283674782035857,0.1527898989598092,0.001096608893871107,0.0,0.0,0.0,0.061786051514720164,0.11668358421068417,0.013613631573444857,0.0,0.0002833158789256677,0.0,0.0,3.01181133484349,0.0,0.0008240583707396418,0.0011845251072167735,0.0,0.0,0.0,0.0,0.0002125561352347452,0.006884484027024267,0.0,0.0006334756064816487,0.0015678571061773499,0.00042665922210038856,0.14731883236736049,0.0,0.0017022667821515963,0.0005674222607171987,0.0,0.0005674222607171987,0.012483289735778372,0.0011348445214343975,0.0,0.01759009008223316,0.0,0.0005674222607171987,0.0039719558250203915,0.0,0.0039719558250203915,0.0,0.0,0.0011348445214343975,0.0,0.0005028495834598246,0.0014089376037777807,0.010246078031033556
20,37955,0.4956986636890594,7.656869541978091,0.0017472366919321955,0.002536398160248406,0.0033453430852434345,0.0,0.0,0.03478250231302754,0.002841742793799994,0.004297046429537486,0.012374344895844836,0.00162004399918497,0.0,0.0,0.0,0.0,0.0,1.6043891373065677,0.0003674748761317287,0.00012920047037811352,0.0004479743641356208,5.795235923639389e-05,3.004976187978469,0.0,0.0008001049049896258,0.006843544938852724,5.852431520272475e-05,0.0006391439653803299,0.0,0.0,0.009081335256742377,9.540156582411433e-05,0.020279689248455975,0.0,0.0003618815990442028,0.00023917571415091869,0.0844701983494804,0.0,0.04832262035698911,0.011754150897646,0.0026120335328102223,0.0,0.01306016766405111,0.050934653889799335,0.0,0.030038385627317556,0.0,0.003918050299215333,0.02481431856169711,0.0,0.01306016766405111,0.0026120335328102223,0.0,0.01306016766405111,0.0,0.002226271336815609,5.836296845023157e-05,0.030006647801275994
21,0,0.0,4.237424258518953,0.0,0.8732573470178793,0.0073496759229778885,0.0,0.0,0.0,0.0,0.031303435844172306,0.30685229024773264,0.0,0.0,0.0,0.0,0.0,0.8679649766578528,0.0,0.0,0.0,0.0,0.0,2.5582064660839787,0.0,0.0,0.0,0.0,0.0,0.0,0.0,0.0,0.0,0.0,0.0,0.0,0.0,0.0,0.0,0.0,0.0,0.0,0.0,0.0,0.0,0.0,0.0,0.002359924187410781,0.0,0.0,0.0,0.0,0.0,0.0,0.0,0.0,0.0,0.0,0.0011074373370916987
22,0,0.0,37.41951185319653,0.004313737147232582,3.176523197563835e-05,0.21449670804982476,0.0,0.0,7.591461871378024e-06,0.004662629711982703,1.2666014531805201e-05,0.6335483637112381,1.9053706670976363e-05,0.0,0.0,0.0,0.0,0.05286923462123949,0.00015642084551206528,5.0982402769572e-05,0.0,0.0,0.0,3.039837700033017,0.0,7.199916693256776e-06,0.0010197675003517496,0.0,0.0,0.0,0.0,0.0,0.025416818520779337,1.659440246834867e-05,0.0,0.0003067562679228627,0.0011684105462004977,0.8840893353207706,0.0,0.004275844127195157,0.0037413636112957624,0.0002672402579496973,0.0,0.07215486964641828,0.0021379220635975786,0.0002672402579496973,0.008284447996440616,0.0,0.0008017207738490919,0.011758571349786683,0.0,0.009353409028239406,0.0,0.0,0.0005344805158993946,0.0,0.0007093873182841176,3.625415680320323e-06,0.008978927784095495
23,987,0.0014048172066921973,70.25825105915412,0.050578655794229044,0.0005267583478013191,0.13012563220863832,0.00047346322465934877,0.0,0.0010476868022056638,0.040629523182645684,0.019915746277976026,0.45920522012483656,0.01039921958158448,0.0,0.0,0.0,0.0,0.7532441621249905,0.0036336172870899564,3.6620598475102895e-05,0.05356707596600409,0.03045143790291581,0.0,3.0160118397559197,2.710230835493028e-05,0.000918944137929335,0.0032659459087170492,1.5420940754542563e-05,6.339430027731546e-07,0.0,3.7785173276489414e-05,0.00014855036678998397,0.00012170262389751745,0.0003202779387551946,0.0,0.0013490184222122697,0.0005529238156442593,0.012504508307481288,0.002988972780196165,0.00597794556039233,0.00256197666873957,0.00028466407430439663,0.0,0.002277312594435173,0.001280988334369785,0.00085399222291319,0.01764917260687259,0.00014233203715219832,0.0005693281486087933,0.0041276290774137515,0.0007116601857609917,0.003131304817348363,0.000426996111456595,0.00028466407430439663,0.006547273709001123,0.00028466407430439663,0.0006091826089046923,0.0003343261007556539,0.010160715827607525
24,21,7.524052499307644e-05,27.910491057754314,0.0,0.00019988500930165248,0.03148260274210471,9.368378014781129e-05,0.0,0.00024957101511605893,0.047655353629568235,0.07473025103915484,0.0,0.005780343930637068,0.0,0.0,0.0,0.0009968589840009905,0.006127230726323678,0.5962252271323258,0.0,0.026447290924158182,0.0,0.0,3.408867026024108,0.0,0.04122446867815126,0.0007895613844277145,0.0,0.0,0.0,0.0,0.0016659483701472052,0.0,0.0,0.0,0.00014404593506459778,0.00023935094557639357,0.0,0.0,0.0010748646427582323,0.0,0.0,0.0,0.0007165764285054883,0.0,0.0,0.006807476070802138,0.0,0.0,0.0025080174997692086,0.00035828821425274414,0.0,0.0,0.00035828821425274414,0.026871616068955807,0.0,0.0022653770303474436,0.0,0.009768446415389417
25,72,0.00010628414824640079,67.74293362457107,0.6299130269148427,0.0010595215062009845,0.037023831114278684,0.01760666753319663,0.0,0.0,0.00012547672495445765,0.010021813729999319,0.12818882336035844,0.0,0.0,0.0,0.0,0.0,0.6554027277505226,0.004596216768586983,1.4011242263197986e-05,3.3735992573686105e-06,0.0,0.0,2.7162909227720435,1.7389252401163794e-05,0.0,4.250200781599969e-06,0.0,4.787878414551824e-06,0.0,3.8439775027024196e-05,0.0,0.004991398329464078,8.370765822998237e-06,0.0,0.0006179847946183369,1.6334019715277106e-05,0.011550090403118926,0.0,0.00014761687256444544,0.00014761687256444544,0.0,0.0,0.006347525520271154,0.0,0.0,0.0,0.0,0.0,0.0002952337451288909,0.0,0.0002952337451288909,0.0,0.0,0.0,0.0,0.00011253203375086793,0.00021324696408371488,0.003724557457164339
26,13,3.5161164473999766e-05,36.97260939583774,0.013827238290649729,0.09935169590748781,0.003594012912007502,0.007366090736358851,0.0,0.0,0.0024910471486073414,0.016831766329949684,0.019976925168900764,0.0,0.0,0.0,0.0,0.0,0.00038498686147331687,0.5894881775188815,2.4454421176159887e-05,0.0,0.0006708839426048423,0.0,3.005163687500159,0.0,0.005568233585600026,0.0008563862417048958,0.0,3.904176981362697e-05,0.0,0.0,0.0001933479090145356,0.0,0.0,0.0,3.3610869037187954e-05,0.00036579665171408693,8.314748757885426e-06,0.0,0.0,0.0,0.00027047049595384443,0.0,0.00027047049595384443,0.0,0.0,0.014334936285553754,0.0,0.0,0.001352352479769222,0.0,0.0,0.0,0.0,0.0,0.00027047049595384443,0.0020931078198597377,0.0,0.015745275678960377
27,1011,0.01717301637242998,5.887142817979761,0.09769294877137576,0.0029480022759677633,0.0016547445945380523,0.016293105750170962,0.0,0.03567849355519302,0.0006462111177400792,0.016840631827142523,0.12233477793797598,0.014252014258907465,0.0,0.0,0.0,0.0004244579498021941,0.3477885497433139,0.1733100929337098,0.002545983143999026,0.0020350219189546027,0.0,0.0,3.1628964402454964,0.00012301128165349907,0.004911606681233331,0.004733950208048606,0.0,0.00029365325257077403,0.0,0.00011985971994368458,0.0,0.01440461168580172,0.001998110548473083,0.0,0.050533787253637205,0.0008347556368129133,0.009412382211351166,0.0050958505556172005,0.033972337037448,0.008493084259362,0.0016986168518724001,0.0016986168518724001,0.008493084259362,0.030575103333703203,0.0067944674074896004,0.0866294594454924,0.0016986168518724001,0.010191701111234401,0.020383402222468802,0.0,0.010191701111234401,0.0,0.0,0.0118903179631068,0.0,0.0017749194453351596,0.002233326506319228,0.020057812597805272
28,54431,1.5437711704160062,3.5258463846900483,0.016015603860388992,0.0,0.0059207899340198026,0.0,0.0,0.07989441496462481,0.025338587559099703,0.0034585766808907623,0.04327141152760495,0.30201983419645356,0.0,0.008492994485398603,0.0,0.005899022124112021,0.003260247080661973,0.12993306740000898,0.0015671871937014176,0.04780808595812398,0.07460160356672614,0.0007117535681851425,3.2770705730144325,0.0,0.014153762653624256,0.0299518122976036,0.00047363529904107703,1.3035707764194059e-05,0.0,0.0029464054338811047,0.0070498728911215156,6.799070267662925e-06,0.03318410425859738,0.0,0.008821531367616244,0.0010458223868522593,0.05255581663498636,0.062396365580555634,0.22973207327386394,0.24107686701578315,0.014180992177399009,0.008508595306439404,0.031198182790277817,0.2978008357253792,0.07657735775795464,0.24391306545126293,0.0,0.028361984354798017,0.38855918566073283,0.011344793741919207,0.08224975462891425,0.028361984354798017,0.002836198435479802,0.04537917496767683,0.10210314367727286,0.006360739431383632,0.004804134300636539,0.04697234132947092
29,71444,1.9578696226958665,3.649068312405092,0.020193001160348705,0.0,0.01926148093412497,0.0,0.0,0.008412530114944593,0.002289954999934335,0.006057722461704969,0.08116361930345196,0.028135616830341232,0.0,0.0,0.0,0.005165170844202091,0.34414180858513566,0.3881252098296265,0.00011571583902267459,0.00041904315368709513,0.0,0.0,3.1798706682114353,0.0,0.02300951878036443,0.0017228010141444757,0.0,0.0,0.0,0.0,0.0009512819366449451,0.0023126990571720515,0.0,0.0,0.0009164103135763601,0.014900238585815852,0.035639813894579056,0.0027404255398576103,0.024663829858718494,0.013702127699288053,0.0,0.0,0.0027404255398576103,0.06851063849644026,0.0,0.10961702159430442,0.0,0.0,0.019182978779003275,0.0,0.019182978779003275,0.0,0.0027404255398576103,0.008221276619572832,0.0027404255398576103,0.003931032689224429,0.0025341821083829006,0.02493419010084825
30,0,0.0,3.7860430719835563,0.0,0.10052741436366958,0.18810291512630425,0.0,0.0,0.0,0.0,0.0,0.3556134768480146,0.0,0.0,0.0,0.0,0.0,0.0,0.0,0.0,0.0,0.0,0.0,2.56948442796501,0.0,0.0,0.0,0.0,0.0,0.0,0.0,0.0,0.0,0.0,0.0,0.0,0.0,0.0,0.0,0.0,0.0,0.0,0.0,0.0,0.0026412800408952613,0.0,0.0,0.0,0.0,0.0,0.0,0.0,0.0,0.0,0.0,0.0,0.00034201950794161736,4.883494915396476e-06,0.00412031498957804
31,57218,1.518566508843566,3.76789555589325,0.0,0.0,0.016387535450806363,1.4845985816059621e-05,0.0,0.02752520875246599,0.006815964501540587,0.0074700316739505545,0.05635736922727641,0.49270698620822556,0.0,0.0,0.0,0.004153263537803688,0.026641307353077077,0.0,0.00016153109399065713,0.07535379904313952,0.07920638429345096,0.0007838811438205531,3.0692855085762223,0.00022814809098112914,0.0,0.0651295459490464,0.00022623904836710187,0.0,0.0,0.002376052069645782,0.004065336360901087,0.0010442440165906695,0.006326843242043962,0.0,0.0193282359676837,0.0014901600334672157,0.07132841935697633,0.0345020179226229,0.11677606066118519,0.20966610891440068,0.0026540013786633,0.0026540013786633,0.0132700068933165,0.21497411167172728,0.053080027573266,0.1698560882344512,0.0,0.029194015165296298,0.1645480854771246,0.0026540013786633,0.10085205238920539,0.0345020179226229,0.0,0.023886012407969698,0.0451180234372761,0.0071882948680837,0.004416470301607889,0.0381492856304807
32,46493,1.1499525465048208,4.043036396702748,0.0017168647580380865,0.0,0.012120447649771127,0.0,0.0,0.14946144729845998,0.026103853910865796,0.00045115341273494137,0.0664215861410361,0.3682647443705819,0.0,0.0,0.0,0.017712557228972362,0.0,0.0,0.0004934907460796697,0.1181429489354329,0.0408342295087415,0.00230320008067133,3.052237301948827,0.034897186259459735,0.0029444720248560565,0.014319157011091647,0.0003691702795554696,0.011430408715403562,0.0,0.0014785623587628776,0.011154971552828376,0.0006798974996774993,0.02235395837580456,0.00041366833160561407,0.009999041553902905,0.01585531152914234,0.017772054397728432,0.007420165701319473,0.1657170339961349,0.08162182271451421,0.009893554268425964,0.0,0.012366942835532455,0.21023802820405174,0.07172826844608823,0.21518480533826473,0.0,0.004946777134212982,0.2968066280527789,0.004946777134212982,0.07667504558030122,0.03462743993949088,0.0,0.08904198841583368,0.037100828506597364,0.009446682605316357,0.0020169315013341465,0.0521157574832696
33,69314,1.7511681986958698,3.9581577630075473,0.03633629051294041,0.0,0.012215348809990995,0.0,0.0,0.01778635960668668,0.04158747256203475,0.0,0.08858960654133106,0.007115853401251362,0.0,0.0,0.0,0.0,0.01325636312521363,0.4289726719311404,5.858821985436284e-05,0.0006135030927223224,0.06271398589774896,0.0005038100468035949,3.141214046554338,0.0,0.0477022690349646,0.0118566269827765,0.0,0.0,0.0,0.0005267943716324542,0.011026088054628512,7.593189851997339e-05,0.000862320295899309,0.0,0.005551914375987672,0.013422500726487565,0.07629151402073314,0.0,0.02021142278553673,0.005052855696384182,0.0,0.0,0.012632139240960455,0.04042284557107346,0.002526427848192091,0.09095140253491528,0.0,0.002526427848192091,0.04042284557107346,0.0,0.04800212911564973,0.002526427848192091,0.027790706330113,0.007579283544576273,0.0,0.004556477883443848,0.0016504747757939387,0.03019887162125369
34,133072,2.754452607360716,4.83115954307553,0.0,0.0,0.007993262625840818,0.0,0.0,0.03034770403606547,0.02756444754872039,0.008520985269223322,0.019087600577051993,0.48665968905412965,0.0,0.0,0.0,0.0007598693365424404,0.0,0.13383243015577023,0.000968162536701918,0.05897306014806144,0.07932661746406247,0.0007246398669110949,3.141458281458237,0.0004681578020473218,0.015050569526872956,0.019024710943893124,0.0006291156019240194,0.0,0.0,0.003834992692530126,0.005674782701485434,2.235532970889722e-05,0.003003811253132535,0.0,0.009428608974119063,0.007993224631032952,0.047071402588698415,0.024838757430810834,0.06002699712445952,0.012419378715405417,0.0020698964525675697,0.0,0.0020698964525675697,0.1014249261758109,0.03932803259878382,0.20077995589905426,0.0,0.006209689357702709,0.10556471908094604,0.0,0.03725813614621625,0.018629068073108126,0.004139792905135139,0.022768860978243266,0.006209689357702709,0.0073028298056531295,0.003177694408900323,0.03315895460453245
35,1596,0.0042909403856720586,37.19464398361783,0.015016826343069981,0.0003594992026203928,0.019115493699565722,0.0,0.0,0.006643149877070225,0.0757799931326885,0.003066566624984728,0.181128550357182,0.00045403972689986614,0.019270378460159866,0.0,7.477802282929684e-05,0.0,0.18876388104732078,0.03949063636066498,0.0004342405519089247,0.0001632982705385114,0.0009410453993559408,0.0,2.7292571192610096,0.00012038243678605427,9.686643046795903e-05,0.004996233474228495,0.0,0.004652101000557885,0.0,0.0,0.0011187599435207292,0.0009697854515283513,0.012849367518753022,6.465760316720827e-06,0.0004627180914822061,0.006591168379509797,0.005906441516088783,0.00026885591388922696,0.018013346230578205,0.004570550536116858,0.0,0.00026885591388922696,0.004570550536116858,0.0037639827944491774,0.011560804297236759,0.023390464508362744,0.016400210747242842,0.0005377118277784539,0.029574150527814966,0.0005377118277784539,0.007259109675009127,0.0013442795694461349,0.0,0.007259109675009127,0.0008065677416676808,0.0016360130407689468,2.7948756020626108e-05,0.018129514638164184
36,74985,1.9659234393380942,3.8142380572687338,0.0,0.0,0.0027523007624618012,0.0,0.0,0.0,0.017856961542325474,0.0,0.02559529144795826,0.42136257277727696,0.0,0.0,0.0,0.011290921298098971,0.068378308473584,0.29821000580718693,7.826761031416774e-05,0.13217686635625586,0.03167657801035128,0.0006298033938784359,3.2385964049696994,0.0015830929649456353,0.011380262619377197,0.011526598214660101,0.0007749818336336364,0.0,0.0,0.0031508140990132104,0.008081121318723523,0.0,0.0039611697629195865,0.0,0.002504269527481179,0.001600851339374456,0.01900573427091529,0.020974044828572052,0.19138815906071996,0.047191600864287114,0.007865266810714519,0.0026217556035715065,0.018352289225000543,0.14157480259286134,0.02883931163928657,0.17303586983571942,0.0,0.023595800432143557,0.25955380475357914,0.005243511207143013,0.13633129138571834,0.020974044828572052,0.010487022414286026,0.047191600864287114,0.034082822846429585,0.006971614035530405,0.008381753973005706,0.03321525128323267
37,42300,1.0287715312628019,4.111700092252493,0.005160264164545311,0.0,0.01290018096566593,0.0,0.0,0.0,0.040795613219434874,0.029249911880545158,0.13428414271119082,0.5088948030500481,0.0,0.0,0.0,0.0006597880260127038,0.003757690398499089,0.018752026683474504,0.001242826179094592,0.17267292777679907,0.021918434475542467,0.0014049581897029055,3.109268312307405,0.0,0.010395419148694752,0.029681938973296844,0.0003356649528441915,0.0028427004947147835,0.0,0.00036963562715404446,0.0020918927113417734,1.1070818343408687e-05,0.004385125973333453,0.0,0.0037729934531473192,0.00010522306425257523,0.07582479618465995,0.017024587987800485,0.08269085594074521,0.13619670390240388,0.0,0.004864167996514425,0.017024587987800485,0.13133253590588945,0.0194566719860577,0.20915922385012026,0.0,0.0194566719860577,0.22375172783966352,0.0,0.09241919193377406,0.02188875598431491,0.0,0.007296251994771637,0.0024320839982572124,0.005907080705264158,0.006475140968121338,0.03380707896804876
38,83394,1.9410283590065782,4.296382359023399,0.005025401974281122,1.0184180944881912e-05,0.0019455196272163623,0.0,0.0,0.04446573052067174,0.011009564793648126,0.0027374490142625034,0.011462045480128994,0.3873040832570946,0.0,0.0,0.0,0.011806294354902888,0.0,0.14292612897722223,0.0,0.12051666333895704,0.028648964353146858,0.0009294630449788627,3.061838897163505,0.0005063252537027313,0.05638845794474869,0.013557220511980186,0.0001195463854997964,0.0,0.0,0.0042015151485736615,0.03667022238658142,1.255882902427282e-05,0.009279689219330403,0.0,0.004613862733270875,0.004912895495007976,0.02673086485814725,0.034913093729883146,0.12801467700957153,0.03258555414789094,0.01163769790996105,0.00232753958199221,0.02094785623792989,0.12103205826359492,0.03025801456589873,0.188530706141369,0.00698261874597663,0.06517110829578188,0.4445600601605121,0.00698261874597663,0.20482348321531446,0.02094785623792989,0.01163769790996105,0.24671919569117426,0.03258555414789094,0.0071591787833924945,0.005707248668537099,0.04044770522154519
39,59161,1.44111858959251,4.105213854518963,0.0,0.0,0.0076957148090573855,0.0,0.0,0.010557959662462245,0.0,0.0,0.008229065148892432,0.12646960548012864,0.0,0.018750822864794844,0.0,0.0,0.0,0.6286231715311726,0.0005462325364775368,0.15538584835087094,0.024275478511806444,0.0,3.409365531601752,0.0,0.07740175774676987,0.01321838954435272,0.0009233388191654171,0.0,0.0,0.001047951311143813,0.00045413337780374067,0.0,0.0030307544255415747,0.0,0.005965469399714824,0.0313002605862363,0.011916180004010683,0.004871853381763389,0.012179633454408471,0.017051486836171862,0.0,0.0,0.0,0.09500114094438608,0.014615560145290167,0.16564301497995523,0.0,0.0024359266908816945,0.029231120290580333,0.0,0.012179633454408471,0.0024359266908816945,0.0024359266908816945,0.009743706763526778,0.012179633454408471,0.006237683072441595,0.0030425720397994896,0.028071529346689723
40,69711,1.7173228276392905,4.059283372819768,0.004405181729266683,0.0,0.003696973577817646,0.0004364879253003154,0.0,0.0,0.015981820117788755,0.00012821919888937502,0.06429207666482362,0.2433560295071675,0.0,0.0,0.0,0.00023403346400152346,0.14985809306249837,0.4333410970841207,0.0,0.03387908865228816,0.011193766513773856,0.0,3.207570133876146,0.0,0.006239806098489195,0.01947233806848257,0.0004306830524915527,5.197560487512811e-07,0.0,0.0003869637063361026,0.0006301231366128526,0.0,0.00047776420643815204,0.0,0.0015764137405086876,0.0006580410342626978,0.008606980972965507,0.004926978031126481,0.0,0.007390467046689721,0.007390467046689721,0.0,0.007390467046689721,0.1404188738871047,0.004926978031126481,0.12317445077816203,0.0,0.0024634890155632405,0.007390467046689721,0.0024634890155632405,0.024634890155632406,0.0024634890155632405,0.004926978031126481,0.009853956062252962,0.0,0.0041586321934382,0.0031416348278752153,0.028891950132263495
41,51520,1.2735346688968865,4.045433646861434,0.0012914020020703858,0.00011846295510127776,0.016789112796882458,0.0,0.0,0.0698455878334735,0.05865047856096277,0.003945910315217339,0.04922630167809347,0.22774844612810433,0.0,0.0031952052580187774,0.0,0.014531720938578768,0.021804584819083955,0.00884046133539057,0.0013200174517055126,0.08038152752971485,0.021441876024593007,0.0010192595131874442,3.0566371585475194,0.05691402517226692,0.004581856708365765,0.03311539692116445,0.0002569176441861354,0.0022079300693313734,0.0,0.009198100164785023,0.008898529374028677,0.030138272025779993,0.017038480006644385,0.0,0.0214271871087432,0.03717945161644023,0.13030436304213663,0.044494611879161296,0.7020260985378782,0.15573114157706452,0.04943845764351255,0.09146114664049822,0.2348326738066846,0.358428817915466,0.0815734551117957,0.20516959922057706,0.004943845764351255,0.10382076105137635,1.2483210554986919,0.014831537293053764,0.41775496708768106,0.03955076611481004,0.004943845764351255,0.07662960934744445,0.1532592186948889,0.007521939498021731,0.00722190184212343,0.03909588109666859
42,42781,0.9154576808486151,4.673181611228896,0.1571110036372166,0.0006901614362025296,0.020915653279509918,0.0002483081359386946,0.0,0.16955517594551953,0.021681828554304082,0.002035590482792455,0.1395839883631786,0.20028429781050547,0.0,0.0,0.0,0.01291217268781729,0.0019947718976886237,0.0006380918529398742,0.0009459248516531353,0.03884680054046087,0.002573852627786171,0.0035591776080068226,3.0723765434827257,0.0,0.0016277914122793324,0.012586504849185,0.0005166852847104451,0.0,0.0,0.0049140405397536165,0.006008248272774257,0.016996659036732878,0.018531689316589054,0.0,0.005883659800444414,0.025328908691084166,0.13937605909998685,0.010699348786244067,0.344519030917059,0.19900788742413966,0.02567843708698576,0.021398697572488135,0.32312033334457085,0.19686801766689083,0.04921700441672271,0.19900788742413966,0.0,0.029958176601483387,0.4151347329062698,0.00641960927174644,0.18402879912339795,0.01283921854349288,0.004279739514497627,0.06847583223196203,0.029958176601483387,0.006737746626698515,0.004541229811616587,0.04852292097496986
43,23,0.0005625360222496531,4.088627055031974,0.0,0.07080704159090877,0.004954640672085315,0.08129989161853904,0.0,0.0,0.0,0.0,0.0,0.0,0.0,0.0,0.0,0.0,0.0,0.6775752426975172,0.0,0.0,0.0,0.0,3.1341992839499144,0.0,0.0250615422482008,1.672215364083462e-05,8.614294516648353e-05,0.0,0.0,0.0,0.008002955216306111,0.0,1.0658643016353034e-05,0.0,0.0,0.0038582433023172935,0.0,0.0,0.0,0.004891617584779603,0.0,0.0,0.0,0.026903896716287817,0.0024458087923898016,0.08071169014886345,0.0,0.0,0.0024458087923898016,0.0024458087923898016,0.004891617584779603,0.0,0.0,0.0,0.0,0.0011022390239378015,0.0020562459136895177,0.019857049044896012
44,30614,0.7535376477628836,4.062703448313088,0.003783847255817614,0.0,0.00024348037838654683,0.00024288496179070035,0.0,0.016064563045673275,0.005240760609632008,0.0008554437185047782,0.009540783843904246,0.8490011179888058,0.0,0.0030986581768052894,0.0,0.0021466847440087655,0.0,0.0,1.6122878054093006e-05,0.03894181106434349,0.08855720513440997,0.0007338670846246118,3.230644080540774,0.00023526281300933916,0.00010339402372656514,0.0026987843215393694,0.000327323197786401,0.0,0.0,0.0017975643184521767,0.001971837584109079,0.0008394004301978818,0.004987702044476438,0.0,0.006672027741723676,0.0004961716050009967,0.009651061564481483,0.024614151948875722,0.2116817067603312,0.04676688870286387,0.0024614151948875724,0.0024614151948875724,0.017229906364213007,0.03938264311820116,0.049228303897751444,0.09353377740572774,0.0,0.012307075974437861,0.21906595234499393,0.0,0.06399679506707688,0.017229906364213007,0.0,0.00984566077955029,0.029536982338650868,0.0031160202122964046,0.010087346880889109,0.019568748799884135
45,99212,2.0592355825842117,4.817904315517662,0.010561930551919375,0.0,0.04701032832404629,0.0,0.0,0.0037438869831633906,0.030920130180233582,0.0,0.0387718240037854,0.3233180299537631,0.0,0.0034454329417090593,0.0,0.0008066879517915502,0.0007735097241734109,0.14819977259884223,0.0021385273173405296,0.13519316731781184,0.06635954151416498,0.001387812264697514,3.0597222738617327,0.005792994613899001,0.03121378664606623,0.023720570759498034,1.9279245175386757e-05,0.0,0.0,0.009213491062317083,0.008503651938900743,0.000722002830163451,0.009179090734080714,0.0,0.01650054139626474,0.0049858241884396986,0.018758937816280106,0.03736064234821989,0.1826520292579639,0.05188978103919429,0.006226773724703314,0.006226773724703314,0.029058277381948803,0.23454181029715818,0.05604096352232983,0.1888788029826672,0.0,0.04566300731449097,0.31133868623516575,0.010377956207838858,0.17019848180855726,0.035285051106652116,0.006226773724703314,0.05604096352232983,0.06849451097173646,0.00847750715730356,0.0038311238272205617,0.04217975072487956
46,83528,1.9391036496651757,4.307557257933208,0.02224951612523642,0.0,0.0,0.0,0.0,0.046812408277995474,0.025020380401811718,0.0,0.02551440805066473,0.5508036328998911,0.0,0.0,0.0,0.005183430540472354,0.0,0.037271628122373515,0.0,0.17461857022998942,0.10023480314364984,4.6375111866923706e-05,3.0682870503156914,0.009705576096415303,0.015262504222396124,0.023324552810186538,0.00028586295666641883,0.0010828718325145083,0.0,0.0017268476099085528,0.00961930275947752,5.092065863690712e-05,0.00468948597115516,0.0,0.012795956624988652,0.00019756499829273546,0.04185696306685253,0.011607506762194597,0.22982863389145303,0.025536514876828113,0.004643002704877839,0.004643002704877839,0.0023215013524389193,0.1067890622121903,0.08821705139267894,0.201970617662186,0.0,0.03714402163902271,0.22286412983413625,0.0,0.07660954463048435,0.025536514876828113,0.006964504057316758,0.1903631108999914,0.03946552299146163,0.008517797445949197,0.00431256532483084,0.03328961139031638
47,42619,0.9249335109074273,4.60779066791381,0.012321824530871476,0.0,0.07379669940754217,0.0,0.0,0.0004293803517327968,0.018444274000714325,0.0015276223770664022,0.28605503738316945,0.07894391382417705,0.0,0.0,0.0,0.0008681478679105071,0.0,0.25149133784598177,0.0001296704196689969,0.014673202614591579,0.02755775447563221,0.00028384170591165656,3.9529165559080592,1.163332366606005e-05,0.0,0.005906832079607018,0.0005430059661996809,0.0,0.0,0.000888705411997631,0.0010706723273096854,0.0002584239677589769,0.007633390008171704,0.0,0.0019059399182337648,0.0,0.10092811861006064,0.04340474956744285,0.1627678108779107,0.04991546200255928,0.0,0.0,0.0,0.054255936959303565,0.03255356217558214,0.06510712435116428,0.0,0.03472379965395428,0.21051303540209784,0.0021702374783721425,0.11285234887535142,0.013021424870232856,0.0,0.019532137305349282,0.03472379965395428,0.003619137131907425,0.001317510812237075,0.01956519750539241
48,57807,1.3109065497541152,4.409696481480147,0.008661598219156835,0.0,0.014799621986058439,0.0,0.0,0.07696562443255674,0.04534553334263261,0.0023186178193642364,0.06600676035693889,0.35860856523557155,0.0,0.0007699504849309727,0.0,0.009813561766806703,0.0,0.005125332151864139,0.0017997865076444402,0.08343779609719612,0.03465260192582368,0.0006908067774909266,3.095095477194968,0.03371568794042215,0.0017193469148431438,0.02915794269345394,0.00020943248591684936,0.0,0.0,0.005618519257979387,0.006015331038364431,0.004679551329592626,0.008818519615254044,0.00019143181496858236,0.013367409460687391,0.005849094718808898,0.05054227422918484,0.01133864886392743,0.24718254523361796,0.1791506520500534,0.002267729772785486,0.0476223252284952,0.0816382718202775,0.3038757895532551,0.05896097409242263,0.1791506520500534,0.0,0.04081913591013875,0.3356240063722519,0.009070919091141943,0.12472513750320173,0.031748216818996804,0.0,0.024945027500640347,0.04989005500128069,0.008792425097090398,0.0031912164483588494,0.04376491447378666
49,90152,1.5442698910481247,5.837839649830391,0.0,0.0,0.011633492150571613,0.0,0.0,0.08535072077120422,0.027437800889450328,0.0034753043506084175,0.21149452642541106,0.13262770109414299,0.0,0.0,0.0,0.0014926614216152548,0.03862052245732082,0.2442699525735394,0.001286854094619244,0.03827677326311399,0.08625975678964455,0.0007674116236490435,3.097149683771965,0.0,0.036813229373435466,0.012074329506816386,0.0002757617907836759,0.00010850903484448026,0.0,0.0,0.016869800004830602,0.0006044754576337263,0.0014310375655114589,0.0,0.006509328792980352,0.0074457905865174265,0.016006905525412174,0.029120361331770938,0.05481479780098059,0.037685173488174156,0.0017129624312806435,0.003425924862561287,0.011990737018964505,0.11990737018964505,0.02569443646920965,0.1027777458768386,0.0,0.017129624312806437,0.1935647547347127,0.003425924862561287,0.037685173488174156,0.003425924862561287,0.015416661881525792,0.04453702321329673,0.010277774587683862,0.005483806755944453,0.002255270215847859,0.03164443231248302
50,17244,0.4024016230321705,4.28527098625082,0.02918090524466133,8.352591353498581e-06,0.009387411059722383,0.0,0.0,0.00585996322692375,0.008539230317986339,0.0019632234249662883,0.09177656279934537,0.5064388471110175,0.0,0.0,0.0,0.003819497009067102,6.528525353937436e-05,0.0012619241698115684,5.608315260273352e-05,0.057388550977548886,0.022721159855366872,0.000998612974847337,3.0910078545719135,0.0035297996714585057,0.0,0.006457058746456307,3.6477534824054845e-05,8.858114283921453e-06,0.0,0.0019560653762125263,0.0,0.042647405678246854,0.0016096299515456162,0.000332301620585057,0.011992299887444229,0.0074217101457660865,0.04215485733998677,0.02100217239207565,0.09334298840922511,0.049005068914843186,0.002333574710230628,0.007000724130691883,0.13301375848314578,0.051338643625073815,0.009334298840922512,0.10267728725014763,0.0,0.007000724130691883,0.11667873551153139,0.0,0.13068018377291515,0.007000724130691883,0.002333574710230628,0.03267004594322879,0.014001448261383767,0.003788729936340448,0.005961448134764388,0.027213285005204303
51,70927,1.4996115895535362,4.7296913743589,0.02935580303957574,1.1598291091035666e-05,0.002479048205669859,0.0,0.0,0.03187963136114762,0.06907499467697048,3.606901168576384e-05,0.07280024576706548,0.5580401113968919,0.0,0.010350249090125283,0.0,0.008748237417971474,0.018117620760902314,0.0,0.0002659771898000875,0.24036780716615344,0.11723448222524369,0.0010650133194366818,3.0487157106971035,0.00815516397894164,0.0010432577019125115,0.018677893660460375,0.0006045440910361049,0.0,0.0,0.0013864538652475207,0.010215821055805815,0.0,0.0026916505065199925,0.0,0.025434685253481804,0.004925112800240968,0.022866860199625718,0.03805745148104908,0.1564584116443129,0.0718862972419816,0.004228605720116565,0.0021143028600582826,0.02748593718075767,0.1543441087842546,0.05074326864139878,0.17125853166472088,0.0,0.03805745148104908,0.2050873774256534,0.00845721144023313,0.12897247446355523,0.010571514300291412,0.0021143028600582826,0.03382884576093252,0.029600240040815955,0.007293243993475844,0.005891400570744422,0.028008823150539708
52,140233,2.7566988376174457,5.08699021040689,0.0,0.0,0.040489016228309554,0.0,0.0,0.014608862953098494,0.0014335994806458745,0.0003495686774578858,0.034266355021408706,0.34464447823466093,0.0,0.0,0.0,0.0,0.0,0.38141925245279445,0.0,0.041637826240055034,0.046167892590198795,0.0008829008622056089,3.123687312555292,0.0,0.07433335922717045,0.020570486757707427,0.00033820822463651956,0.0,0.0,0.0004406097018814238,4.38511907550231e-05,0.0,0.010321660273673485,0.0,0.008933769061911808,0.005019740355326159,0.034154505969168206,0.0019657989471932084,0.027521185260704916,0.07470035999334192,0.0019657989471932084,0.0019657989471932084,0.003931597894386417,0.01179479368315925,0.009828994735966042,0.16316131261703629,0.0,0.013760592630352458,0.04521337578544379,0.0,0.019657989471932084,0.007863195788772833,0.0,0.03735017999667096,0.0,0.00529079044459319,0.002322888174039167,0.04000926565751354
53,7960,0.16812867177065802,4.734469092135651,0.0066800881979902,0.0,0.11637431144631499,0.0,0.0,0.1639631639560845,0.03893985101902532,0.09974259746987194,0.045441896246599466,0.0048675839327407796,0.0,0.0,0.0,0.0067172289526403126,0.008680525894065396,0.024983500407013904,0.0009029826371405667,0.23704416380646343,8.366097959124061e-05,0.0024224071906734286,3.0131139781910807,0.0,0.0,0.00553376161162638,0.0,0.009089701664520295,0.0037816528951234796,0.0010459337746432117,0.027251298790578308,0.010353984029029558,0.048404315936006644,0.0,0.0020064342691797406,0.032094576771231585,0.04614063760654553,0.038019046380299674,1.3792465159075382,0.12250581611429895,0.014785184703449873,0.10349629292414911,0.350620094396097,0.36751744834289685,0.18375872417144842,0.3252740634758972,0.0,0.07603809276059935,1.2271703303863395,0.0021121692433499818,0.48368675672714584,0.03379470789359971,0.0232338616768498,0.2555724784453478,0.07181375427389938,0.010008797307430213,0.001252220228725521,0.046391993504726364
54,2672,0.03723104827379618,7.176805714279597,0.0567230558175781,0.040788514121125385,0.075170767575302,0.0024844363505977627,0.0,0.10458817066749393,0.00043833542861690194,0.0015434511655003907,0.27321221952653013,0.06655495578266311,0.0,0.0,0.0,0.007161382658175206,0.0004823305382562744,0.008746883024187213,0.0008689141875225874,0.027671259699161163,0.0,0.0,2.907626291753811,0.0,2.7602489359996994e-05,0.004859289365815934,0.0,0.00010756758924399847,0.0,9.79780368622429e-05,0.0007750668844828999,0.11869372278969388,0.0016151261307226616,0.0,0.08855758413298893,0.0,0.105137515111833,0.005573510220628176,0.10310993908162125,0.03901457154439723,0.004180132665471132,0.02786755110314088,0.11007682685740647,0.0,0.011147020441256351,0.08360265330942264,0.0,0.00696688777578522,0.1295841126296051,0.0,0.05852185731659584,0.002786755110314088,0.0,0.009753642886099307,0.0,0.00030129994876372453,0.0016160399794577331,0.0341960609950206
55,150930,2.682499134816754,5.626469661855465,0.0005629769651058474,0.0,0.005064086402530131,0.0,0.0,0.013592657726417583,0.058671598802378565,0.007794817846930804,0.017642651962544248,0.4047789341361903,0.0,0.0,0.0,0.0016559358930408686,0.018012786208090603,0.02579209240671363,0.0002399996282069378,0.1593229930562524,0.05370514726300633,0.0016363966506392135,3.0610689915207616,0.0008834906642412126,0.030183475942623803,0.040210897302526416,0.0,0.0004098101827391979,0.0,0.0023328498408486426,0.0013162258775540753,0.0006752763079929443,0.013347287875000693,0.0,0.01882458829680325,0.002753977402137882,0.03512466981831663,0.019550447547196828,0.08708835725569496,0.06931522312187965,0.0,0.0,0.0,0.18306328157829757,0.04087820850777518,0.19372716205858673,0.0,0.042655521921156715,0.18128596816491602,0.0035546268267630595,0.07642447677540577,0.028437014614104476,0.0,0.0177731341338153,0.06398328288173508,0.006586319174807616,0.0037763610534975013,0.037420524288967964
56,113974,2.4072745327411216,4.734565935453144,0.0056149979926944146,0.0,0.008930061522772807,0.0,0.0,0.0042739098118293245,0.026185991296837935,0.0034215474507881993,0.24192972817833275,0.28019823056929,0.0,0.0,0.0,0.0012137449719193212,0.3626946273476483,0.0,0.0002277074642003298,0.052455300965307636,0.044182752860107276,0.0006541046798673337,3.055014688962392,8.965106591717118e-05,0.0,0.013356506638607496,0.0,0.0010560352350852192,0.0,0.0013171365617040153,0.000826635800991996,0.0,0.0029877263790013624,0.0,0.010572995369635617,0.0013662372292972623,0.05051269725492752,0.004224252079844734,0.05069102495813681,0.031681890598835506,0.002112126039922367,0.0,0.006336378119767101,0.06758803327751574,0.016897008319378935,0.1605215790340999,0.0,0.008448504159689467,0.09082141971666179,0.004224252079844734,0.04224252079844734,0.014784882279456568,0.0,0.014784882279456568,0.008448504159689467,0.004850201665368105,0.002549549809278231,0.028383230047218128
57,67607,1.4302895350393519,4.72680519179915,0.01090658780145204,0.0,0.015818561575703542,0.0,0.0,0.014060468697905091,0.10087454751497353,0.0,0.10118790566318121,0.05123566096570251,0.0,0.0,0.0,0.0,0.0008446784771450581,0.13093223356473369,0.00025135467618212106,0.011590554995178188,0.0,0.0,3.116509752282031,0.0,0.08810135990758818,0.014294788308507698,0.0,0.0,0.0,0.0,0.007469314081835191,0.0,0.0013786882164503501,0.0,0.0003873867328105827,0.005121049142652656,0.023770993512154122,0.0021155938512866365,0.0021155938512866365,0.0,0.0,0.0,0.0021155938512866365,0.035965095471872814,0.0021155938512866365,0.13539800648234473,0.0,0.0,0.031733907769299546,0.0,0.004231187702573273,0.0021155938512866365,0.0,0.023271532364153,0.0,0.004558827387440033,0.0013249271483848958,0.027291606600757797
58,32,0.0006905526598107193,4.633969552556819,0.02355871476158901,0.0,0.023938545107342654,0.0,0.0,0.01067921536880728,0.019764927418680227,0.0,0.0002710916752131876,0.003946175493371653,0.0,0.0,0.0,0.0,0.13107170836926463,0.17999417625369354,0.0,0.0,0.0,0.0006666469827541105,3.1596413368782823,0.0,0.008915770280518154,1.7447525557320375e-05,0.00018728221674460332,0.0014956304428241664,0.0,0.0,0.0,0.0,0.0182059945626378,0.0,0.0,0.0050864445639560735,0.2814711098084355,0.0,0.015105839433359263,0.0,0.0,0.0,0.002157977061908466,0.017263816495267727,0.006473931185725398,0.11221480721924024,0.0,0.002157977061908466,0.012947862371450796,0.0,0.004315954123816932,0.004315954123816932,0.004315954123816932,0.0,0.004315954123816932,0.005406690943437744,0.001552029448391799,0.023402964476910943
59,29369,0.6285674108392699,4.672370774168231,0.04099381608102254,0.0506212581448585,0.2611358756046145,0.0,0.0,0.011424660008077894,0.007948099740052679,0.05998325363303781,0.1382861356266698,0.1105927778964848,0.0,0.0,0.0,0.004710574319646954,0.008250166047705502,0.10371834390273463,3.8184904177033015e-05,0.061419824336111144,0.01856811840648783,0.0,3.0131345313488125,0.0,0.0008562665232498645,0.009381001674628332,0.0,0.0,0.0,0.0,0.002782408107937197,0.0,0.0,0.0,0.005988099666662343,0.0006246757235205812,0.4572415050243197,0.00856096442969487,0.02996337550393205,0.019262169966813462,0.0,0.0,0.038524339933626923,0.08560964429694871,0.01070120553711859,0.06420723322271153,0.0,0.027823134396508332,0.03424385771877948,0.0,0.05778650990044038,0.004280482214847435,0.0021402411074237177,0.0,0.012841446644542308,0.0038257742972501725,0.00020462492186128174,0.02000663244684662
60,114410,2.4054183486408416,4.756345193119786,0.013753083902343892,0.0,0.018810405837991605,0.0,0.0,0.0004965809847141999,0.017881569428188103,0.03945768116055062,0.030685571731145552,0.6696732373299824,0.0,0.0,0.0,0.0002766783561467372,0.0,0.0,0.0001075969391761837,0.046105059645178845,0.02307938250926545,0.00044537539671710223,3.631699796532428,0.002261327844923915,0.0,0.02061870239851572,0.0001900830874267498,0.0,0.0,0.0010753677857823977,0.0,0.0,0.0023592277091680682,0.0,0.00270203807997284,0.0,0.09941874845037789,0.03363927417031159,0.11563500496044608,0.0651760937049787,0.006307363906933423,0.0,0.0042049092712889485,0.15137673376640215,0.016819637085155794,0.13245464204560187,0.0,0.025229455627733693,0.15978655230898003,0.0,0.06938100297626765,0.01471718244951132,0.0,0.010512273178222372,0.03153681953466712,0.006754834649535682,0.007088072518121748,0.028392303252615114
61,11108,0.22956936019969085,4.838624801819245,0.03426238440469297,0.0,0.05770788079911675,0.002845509664955751,0.0,0.0,0.008636555525503306,0.0,0.004972937148550698,0.0,0.0,0.0,0.0,0.0,0.0,0.5547919564631665,2.7965082488659763e-05,0.0,0.0,0.0,3.299675870519556,0.0,0.038367182651528754,0.010699302362577889,8.392146008594171e-05,0.0,0.0,0.0,0.0,0.042995924072386345,0.003042631568204775,0.0,0.0,0.00817800660002039,0.030202309352902232,0.0,0.014466920430300978,0.0,0.0,0.0,0.008266811674457702,0.03100054377921638,0.0020667029186144255,0.07026789923289047,0.0,0.0,0.006200108755843276,0.0,0.010333514593072126,0.0,0.0,0.006200108755843276,0.0,0.00399091439707086,0.0005432351656496957,0.02268872710030769
62,133207,2.0854419853187904,6.387470902463746,0.0013167671752715017,0.0,0.011025779173432823,0.0,0.0,0.022005140632723026,0.019894680478536455,8.238347343056881e-05,0.25949964348541643,0.38661080289718935,0.0,0.0,0.0,0.005689151972535351,0.00035104834358255495,0.011398165356841943,0.0,0.11957327759333038,0.05906686841435887,0.0012369708317082084,3.037570750783844,0.0,0.003949540009513721,0.020587157123793106,0.000691851423960694,0.0,0.0,0.00284338047161156,0.0018638165298637446,0.011041866583256581,0.00569083788369922,0.0,0.009146526763445335,0.0003618105509580535,0.10773715217238218,0.009393389170173296,0.09080276197834186,0.02661460264882434,0.0031311297233910986,0.004696694585086648,0.04227025126577983,0.19413004285024812,0.02818016751051989,0.2003923022970303,0.0,0.015655648616955495,0.10958954031868845,0.0,0.05322920529764868,0.023483472925433242,0.0,0.014090083755259945,0.02661460264882434,0.005688134088393605,0.003850990161376563,0.030451141879367233
63,72606,1.355860135305799,5.354977118168942,0.07659028421453515,0.002103888312699868,0.11481388873013054,0.001459458500703463,0.0,0.00662964812770294,0.1030145994955769,0.001459558627253363,0.3149504297836493,0.20214330969871655,0.0,0.0,0.0,0.0006290874361926744,0.0,0.0,4.867285324426826e-05,0.042857075154362836,0.03492613060128907,0.0005336270395274601,3.9379218148564132,0.0,0.0,0.034282781472716406,0.0,0.0,0.0,0.0004981691907035292,0.0010946767802167325,0.0,0.003198046658415629,0.0,0.008916635515322438,0.0003178474990066067,0.23592671982937208,0.0242764809505763,0.08403397252122566,0.056022648347483765,0.0,0.0,0.005602264834748377,0.10644303186021915,0.009337108057913962,0.09337108057913962,0.0,0.028011324173741883,0.1195149831412987,0.0,0.08403397252122566,0.02240905933899351,0.0,0.0037348432231655844,0.02240905933899351,0.003416301050596686,0.0022414956935202603,0.029699848755604892
64,104025,1.9525778819726933,5.32757238317702,0.0047515294429645106,0.0,0.001753242107135534,0.0,0.0,0.006691189736197328,0.025762920094333504,0.0019239383251853969,0.03949501018132859,0.15140652101597196,0.0,0.0,0.0,0.000568533556809738,0.032832305609653376,0.3014328334926622,0.0,0.03735820435801216,0.0052685446113989644,6.117532579925412e-05,3.1345333862299727,0.00542338159856447,0.06941286856943579,0.016936032662812423,0.0001715517800864391,7.170733125362534e-05,0.0,0.0005127209094447588,0.005490752438125512,0.0,0.0013861982328145514,0.0,0.002325617117090244,0.0010148189360793558,0.016672598870244033,0.0,0.024401357813645694,0.016893247717139327,0.0018770275241265918,0.0018770275241265918,0.0037540550482531836,0.08446623858569663,0.01877027524126592,0.142654091833621,0.016893247717139327,0.0037540550482531836,0.12763787164060825,0.0,0.03754055048253184,0.00938513762063296,0.007508110096506367,0.046925688103164796,0.033786495434278654,0.007489768950149471,0.0027157650263897027,0.032552363551202924
65,43651,0.770266149506327,5.667002246947559,0.001219533233984638,4.179568033226765e-05,0.003657281355177228,0.0,0.0,0.02747121010245778,0.020074628085779086,0.02683020595410066,0.09279086361288161,0.39238362254907133,0.0,0.0,0.0,0.00023573571897684555,0.006853947355077918,0.0012521878243481881,0.0027050748424483776,0.03496238609075968,0.46295258968836855,0.000376703464776575,3.1293587617812815,0.03871693695443559,0.0,0.03216784799704199,0.00014727000777396001,2.9015032111231357e-05,0.0,0.0010962983427937423,0.004096457248702871,0.0002859601505069204,0.0035719864967574976,0.0,0.028367683466906858,0.0015882096587609999,0.06425266401138696,0.08823006912857988,0.24880879494259525,0.11116988710201064,0.00705840553028639,0.00705840553028639,0.0776424608331503,0.127051299545155,0.0688194539202923,0.1993999562305905,0.0,0.024704419356002365,0.31409904609774436,0.00705840553028639,0.1394035092231562,0.022939817973430768,0.0017646013825715974,0.0705840553028639,0.040585831799146745,0.003772911542298025,0.0062251299951219755,0.03555675390809835
66,20308,0.37576423052398045,5.404452672805426,0.02505330877284806,0.0,0.025416447972939415,0.0,0.0,0.024854572419666526,0.019443460961004435,0.0,0.32825696138958144,0.1094763784852578,0.0,0.0,0.0,0.0037209920351452177,0.0035045291516186293,0.1492126024596187,0.00038254502974387455,0.08979812446826965,0.004873484100882689,0.0,3.0510010125367266,0.0008568240080912145,0.03281879303641835,0.03440222377431857,0.0,0.0,0.0,0.0008230977863338659,0.005226821554326132,6.99078643324141e-05,0.008739013044451484,0.0,8.87014107594832e-05,0.0016633922284816042,0.034365711096125955,0.0018503261302145971,0.007401304520858389,0.042557500994935736,0.0018503261302145971,0.0,0.0055509783906437914,0.17578098237038672,0.007401304520858389,0.11101956781287584,0.0,0.0018503261302145971,0.02775489195321896,0.0037006522604291943,0.01850326130214597,0.0037006522604291943,0.01295228291150218,0.0055509783906437914,0.0018503261302145971,0.007625505660970196,0.0016577518372895188,0.026001166232515506
67,78722,1.4087554916780685,5.588052750461945,0.030256352707506533,0.00639464372324058,0.017270352672262533,0.0,0.0,0.01465142354969482,0.05773008275781132,0.002190537145695862,0.06428872437136575,0.45498444065210714,0.0,0.0,0.0,0.003794568271985419,0.032035442705976296,0.0,0.0004370926246912672,0.047572385234061244,0.04499416624281041,0.0010204160421163455,3.105529195415479,0.0002282438714233284,0.0,0.01892712705950185,0.00015865293666389595,0.00016880831006962967,0.0,0.0029144086481181657,0.0033611763107229504,3.336205281335538e-06,0.0001613586086777741,0.0,0.008853591319724265,1.600035985699454e-06,0.21221925905127972,0.0035790642810855163,0.008947660702713791,0.02863251424868413,0.0035790642810855163,0.0017895321405427581,0.01968485354597034,0.02863251424868413,0.0214743856865131,0.10379286415147997,0.0,0.023263917827055856,0.030422046389226888,0.06800222134062481,0.09305567130822343,0.0071581285621710325,0.0,0.0,0.0071581285621710325,0.004838242224099534,0.004952945062513741,0.029589030254674704
68,171382,3.005000255365321,5.703227468749914,0.0,0.0,0.00015921591584388187,0.0,0.0,0.023320359466562097,0.04969323195098779,0.010301321021876498,0.034748357894722616,0.4608352209662592,0.0,0.0,0.0,0.0005808428375306284,0.004198368340746918,0.03179011665445052,4.639281056018607e-05,0.045166085234427916,0.09053964046165897,0.003308463814942474,3.123625347190015,0.027515851762671538,0.01626606387929387,0.040273748171809516,0.0003747482486015388,0.0012513478820329886,0.0,0.0020214669914904765,0.006329710921909043,2.8687194184270245e-05,0.004781495434515302,0.0,0.00851308854456273,0.00346791359415359,0.052578058920912704,0.026300897311549533,0.0771492987805453,0.040328042544375955,0.0017533931541033022,0.0,0.0017533931541033022,0.19462664010546654,0.036821256236169345,0.25599540049908215,0.0,0.03331446992796274,0.10345019609209484,0.0017533931541033022,0.06136876039361558,0.03331446992796274,0.0,0.007013572616413209,0.007013572616413209,0.006878982630377185,0.0046372372393363274,0.035306901513898224
69,31018,0.5488520895894045,5.651431521961504,0.012592140261554668,0.0,0.10602556401058666,0.0011419381829109066,0.0,0.0,0.013122906087838728,0.0,0.0007862327770587684,0.012469497698566529,0.0,0.0,0.0,0.0,0.0,0.20798425521800246,0.0,0.0,0.0,0.0,3.193871068579346,0.0,0.03210229527229926,0.0,0.00019907284865658655,0.0,0.0,0.0,0.0020739300574197307,0.0,0.0,0.0,0.0007192551868143602,0.00018947818522868285,0.0,0.0,0.0035389263626888004,0.0,0.0,0.0,0.0,0.028311410901510403,0.0017694631813444002,0.06016174816570961,0.0,0.0,0.005308389544033201,0.0,0.0,0.0017694631813444002,0.0,0.010616779088066401,0.0,0.003426700837604944,0.0005008405447621124,0.021387850901486052
70,92109,1.6510904345046524,5.5786768595527505,0.001510222283613286,0.0,0.008821590877423995,0.0,0.0,0.1702745198021374,0.03167993347283539,0.00010697374178626904,0.04160812982597132,0.3139812447009835,0.0,0.0,0.0,0.002643647551753929,0.005201851525502904,0.03322611222930217,0.0017717565793434898,0.06388621808710433,0.045078208923004154,0.002785267251019635,3.1056342361316176,6.326478460258754e-05,0.03597476334641848,0.025959549518590135,0.0011277838882252384,0.0005013175924486733,8.675556154678897e-05,0.003579755998153338,0.021180692492995423,0.0015001154167149787,0.015997380202902225,0.0,0.00651513820806377,0.0057924722869097615,0.0234028610726633,0.0430209539003915,0.5323843045173448,0.05556873212133902,0.028680635933594333,0.09500460653003122,0.15236587839721988,0.21689730924780715,0.10755238475097874,0.1918017528059121,0.03405825517114327,0.05019111288379008,1.0844865462390356,0.0035850794916992917,0.2778436606066951,0.04839857313794044,0.005377619237548937,0.19000921306006244,0.11293000398852768,0.007229337728018896,0.007157466686018966,0.03805494023362535
71,48710,0.8564440149531646,5.687470418327782,0.0032198646610330766,0.0008506113895796294,0.021903636554871427,0.0,0.0,0.0009520899736184946,0.0,0.023605316856564446,0.14668263401665474,0.15556503552302253,0.0,0.0,0.0,0.004563710810448322,0.060577230575033045,0.20124946099990543,0.00016327500865925227,0.0498003949758954,0.020675205653546976,0.0,2.900971530383781,0.0,0.042558589928159314,0.012233582022417432,0.0,0.0,0.0,0.0009774401731614134,0.0,0.0012745902773754223,0.0,0.0,0.003433232150988538,0.0021976699130158506,0.04582794928052714,0.001758250903209123,0.0228572617417186,0.04219802167701895,0.0,0.0,0.007033003612836492,0.019340759935300354,0.001758250903209123,0.059780530709110186,0.0,0.003516501806418246,0.06681353432194667,0.0,0.031648516257764214,0.005274752709627369,0.0,0.007033003612836492,0.005274752709627369,0.0020149329231280997,0.002037763071621475,0.018910467808412837
72,24804,0.42607617008517545,5.821494310522345,0.3292831563847928,0.0,0.0,0.0,0.0,0.018421105985844306,0.016058233106127463,0.001609282800484875,0.06650808886724446,0.3573301487159386,0.0,0.0005503412262314498,0.0,0.011216925408192578,0.3174528652305727,0.0,0.0003601294422965228,0.01629621739393431,0.034596626575393453,4.120027112863892e-05,3.0913376811676443,0.0,0.0,0.0016162464856023476,0.0001667937003109903,6.626657480555608e-05,0.0,0.0007598596256436108,0.0008071908938485986,0.0004567442031294922,0.0026438721572158833,0.0007990401019931156,0.019553552982743527,0.00019263615312994356,0.012789598774964113,0.006871088051688037,0.024048808180908127,0.0017177720129220092,0.0051533160387660275,0.0,0.0377909842842842,0.02233103616798612,0.0034355440258440183,0.04294430032305023,0.0,0.0051533160387660275,0.025766580193830137,0.0034355440258440183,0.02233103616798612,0.0017177720129220092,0.0017177720129220092,0.006871088051688037,0.0017177720129220092,0.005560657637792407,0.005096923597898654,0.012875153606908949
73,197205,3.329357963053594,5.923214090777103,0.044216475620760566,0.0,0.014609593969058542,0.0,0.0,0.02147262097264123,0.03510765715064512,5.263979564481492e-05,0.05998896701358062,0.48543879748611396,0.0,0.0,0.0,0.006961516741733436,0.0007623639997437066,0.0,0.0008345118835930844,0.059284791678430745,0.0917764800507683,0.0005577571528376986,3.0905561597144304,0.0009374003704829806,0.0,0.03649886919100386,0.0005040346379440341,5.872140976969212e-05,0.0,0.003072019061225296,0.0011584854143958801,0.0,0.008222313423749197,0.0,0.012074067321148399,0.0004018853086001355,0.055975724090440125,0.023635816273801492,0.07597226659436193,0.15869762355266714,0.0016882725909858208,0.0,0.045583359956617164,0.28531806787660374,0.028700634046758954,0.2751884323306888,0.0,0.010129635545914924,0.11817908136900745,0.0016882725909858208,0.047271632547602985,0.033765451819716415,0.0,0.006753090363943283,0.013506180727886567,0.008965749469224165,0.0027924247611192912,0.038265735997858034
74,115813,1.7828271547103407,6.496030739380137,0.04869500604620979,0.0,0.021660114064242716,0.0,0.03950648723805935,0.04344919976985865,0.038799587488502346,0.0010127103765229686,0.015914525226421696,0.31893600757237567,0.0,0.0022176192896687075,0.0,0.0038435180913718994,0.0054010550489727955,0.04098671023322423,0.0003824352592494324,0.24823213034332314,0.1286027300678875,0.0006469612251141236,3.1667862217398897,0.0,0.00955220958327436,0.024744448321670495,0.00011876348770452332,9.277155581669559e-05,0.0,0.001454800225762776,0.008998252045668415,2.8238978094831523e-05,0.006257256630780281,0.0,0.014696901629178442,0.004222248051266326,0.10499369461060748,0.03232743323194901,0.12930973292779604,0.10006110286079456,0.006157606329895049,0.0,0.009236409494842574,0.1677947724896401,0.04002444114431782,0.1754917804020089,0.0,0.02616982690205396,0.22321322945869554,0.0015394015824737623,0.10313990602574208,0.02001222057215891,0.0,0.03540623639689654,0.038485039561844056,0.007754734858908305,0.0036815992237822642,0.038853072599699966
75,51560,0.9148269489316488,5.636038603826951,0.012697570472836876,0.0,0.02801842675375036,0.0,0.0,0.09809046851908552,0.03664112870978438,0.0034398102284578292,0.039812224068735004,0.3308748826302205,0.0,1.663158631496879e-05,0.0,0.01531472503484669,0.008408059873617077,0.01367051010538984,0.0009792945789215558,0.0383110429804732,0.02908921711577445,0.0008728027147279497,3.1489504593499245,0.0013903180661620663,0.0008350083635732862,0.011363958449621705,0.0003916963227229472,0.0011449291288358676,1.4560498481013389e-05,0.006695207191657059,0.009773467019231435,0.0606116267271282,0.028376114234946254,0.0,0.0063104454723603405,0.018043313450886007,0.09295386989365205,0.06742324293910491,1.2987845745111788,0.14549226107912114,0.07274613053956057,0.19694684121685907,0.6902010921924161,0.40099086590099237,0.10290916027547592,0.25195001308823417,0.0017742958668185503,0.11532923134320577,1.9162395361640343,0.008871479334092752,0.4719627005737344,0.035485917336371006,0.014194366934548402,0.2324327585532301,0.09226338507456462,0.007829757126548402,0.006598782925747822,0.03863187251654641
76,93560,1.5116572765471834,6.189233594912657,0.0011018706812788693,0.19522450254312948,0.00017889751899605026,0.0004749917758666859,0.0,0.07900521900547601,0.024526071010570534,0.0,0.04736716575011395,0.08970041893420487,0.0,0.0019897155242700054,0.0,0.004970015806207157,0.025033734134160542,0.4987033849483206,0.0007601920550137144,0.021511019656448905,0.013979822023946346,0.0018005236004692623,3.0792367543327948,0.07462523517541993,0.004717907266785584,0.016612706722388387,0.0,0.0007959808731453458,0.0,0.00229918020162165,0.0022504382804782,0.0017676453848010135,0.005696437213831473,0.0,0.0004723688261156452,0.010100094791366527,0.025526423733825628,0.00807854465876009,0.9661939411877067,0.08240115551935291,0.011309962522264126,0.07916973765584888,0.1906536539467381,0.2148892879230184,0.05493410367956861,0.17288085569746592,0.0,0.02261992504452825,0.6026594315435027,0.0,0.3603030917807,0.017772798249272196,0.004847126795256054,0.13087242347191344,0.07109119299708878,0.0056432984630828496,0.0031861882222331667,0.03242951301722787
77,58141,0.9749360062818564,5.963570903667219,0.00961493189464956,0.0029654098649099046,0.35800548485678935,0.006364175728166305,0.0,0.018604360855874982,0.0028237136075765362,0.02247251777421063,0.03271174862227366,0.1990113998681232,0.0,0.0,0.0,0.003953600750009729,0.0011120033655958913,0.04709666550636838,0.0,0.03098831713538472,0.029166462506728653,0.0,3.085291455082924,0.0,0.004684151927698612,0.01080322517161692,0.00019679076844997687,0.0,0.0,0.0011125678199197257,0.005410838312336664,0.0003776603014652617,0.003435388739164599,0.0,0.006649329958099226,0.0012675473419667797,0.025959268494962925,0.015091629068190613,0.030183258136381227,0.04359803953032844,0.0,0.0016768476742434015,0.013414781393947212,0.06707390696973606,0.015091629068190613,0.11402564184855131,0.0,0.01006108604546041,0.046951734878815245,0.0,0.07210444999246626,0.01006108604546041,0.003353695348486803,0.023475867439407622,0.006707390696973606,0.00501546237032009,0.0026435719575424927,0.022709212028526674
78,38702,0.6236145949114698,6.206076688358177,0.02206349559512423,0.0,0.005473897644178062,0.0,0.0,0.0031182497771094974,0.02091193303448092,0.003904023616957948,0.2922221261305464,0.40621854974857546,0.0,0.0,0.0,0.002093702048685685,0.051993771131588436,0.0,0.00047988351042951876,0.06320996861098416,0.09279863294735077,0.000227715945689698,2.794724152622574,0.0,0.0,0.008239361395444452,0.0003759547335367244,0.0002332673811546379,2.6386945242621024e-05,0.0022733845791955733,0.001237427368035622,0.008051576517854781,0.0051418676427034534,0.0002759787912960371,0.006214810582611611,0.0009206072735271708,0.024693093282544147,0.029003831089882838,0.09829076091571405,0.05639633823032774,0.0016113239494379354,0.003222647898875871,0.03706045083707251,0.11279267646065548,0.043505746634824254,0.10634738066290374,0.0,0.003222647898875871,0.1820796062864867,0.0,0.07895487352245883,0.006445295797751742,0.0016113239494379354,0.014501915544941419,0.022558535292131095,0.004515424647196861,0.006464024333432702,0.020916827711415932
79,136990,2.273382777702897,6.025822019221037,0.007382700586776241,7.76613519839023e-06,0.010677635430668797,0.0,0.0,0.0474814120849672,0.007045815119117613,0.0036093557265186632,0.010902437513610948,0.5438646096958616,0.0,0.0,0.0,0.0023939893138146488,0.013707941031200687,0.0068193286295588195,0.0007020144050303018,0.07648920231021081,0.06132044464409624,0.0012411784526499248,3.112594660588534,0.014847882415444802,0.017108384592215156,0.046768491887132106,7.191007656180984e-05,0.0,0.0,0.0034804749026962666,0.010201755128864393,0.0006253474621479133,0.009370820065636085,0.0,0.008391087705053297,0.004585980975632901,0.07163448870093705,0.01991429544670028,0.14105959274746033,0.0846357556484762,0.0033190492411167135,0.00497857386167507,0.0381690662728422,0.09459290337182633,0.06970003406345097,0.20910010219035294,0.0,0.041488115513958916,0.16097388819416059,0.0033190492411167135,0.13110244502411017,0.02987144317005042,0.0,0.01991429544670028,0.036509541652283845,0.006356554264395908,0.005953719443362281,0.03531267955761874
80,45,0.0007446878792540683,6.042800111783095,0.0,0.0,0.0032900317304203784,0.017159669181975458,0.0,0.0,0.0,0.0016801502117843503,9.398530008734572e-05,0.0,0.0,0.0,0.0,0.0,0.10508252580741057,0.16546212219533563,0.0002005740958136174,0.0,0.0,0.0005960504936683329,3.2040891801262297,0.0,0.029869132952956696,0.000961242213266494,0.0,0.0,0.0,0.0,0.0,0.0,0.0,0.0,0.001216970717226255,0.005329418383864887,0.0014993236602038208,0.0,0.0,0.0,0.0,0.0,0.0,0.004964585861693806,0.0016548619538979353,0.10591116504946786,0.0,0.0,0.0016548619538979353,0.0,0.0,0.0016548619538979353,0.0033097239077958707,0.0033097239077958707,0.0016548619538979353,0.001964043629251893,0.000964937388700269,0.023741422297953348
81,203764,3.549095271791524,5.741294172053695,0.14959560017438653,0.0,0.05314222381247619,0.0,0.0,0.0064130533062729195,0.05793127200465382,0.005205269324716823,0.006810488073676439,0.3911172822934663,0.0,0.0,0.0,0.0036076717972395914,0.0,0.0,0.00010354064300113732,0.07258963469914217,0.05476525759243362,0.0006074770701613903,3.7426125643473345,0.0004774397664500463,0.0,0.04594403384453062,8.973056531979389e-05,0.004405379503912478,0.0,0.0026825322674630184,0.00013032787750793937,8.757101344682478e-05,0.004079656424895004,0.0,0.004454521179745376,0.00032601023993645954,0.04816669626813682,0.027868281123586313,0.0818630758005348,0.060961864957845065,0.0017417675702241446,0.0017417675702241446,0.003483535140448289,0.13063256776681084,0.03309358383425875,0.17766029216286275,0.0,0.02961004869381046,0.17243498945219032,0.0,0.14630847589882814,0.01915944327246559,0.0,0.010450605421344869,0.041802421685379475,0.00786149184960697,0.002612519674222347,0.029588118585893813
82,42862,0.6339948000199149,6.760623273038458,0.04630986650986943,0.0,0.0003825393187082319,0.0,0.0,0.0661088620137291,0.011527606579210096,0.01542835378403334,0.022425564683613616,0.41353523331190967,0.0,0.01147126069500327,0.0,0.007749681782947837,0.0,0.0,0.0009397393144126562,0.07201040909537477,0.04358451600197305,0.0011908382204204706,3.10636785386031,0.03568622623465619,3.911118485072905e-05,0.00950696631306394,0.00043165523019320307,0.0,0.0,0.0025437060464247353,0.00305391548355852,0.009260618806238682,0.04148636455630696,0.0,0.0069195743086873165,0.01313335847706001,0.024972713025558032,0.03697883906606762,0.7839513882006335,0.10797821007291745,0.010354074938498933,0.07395767813213525,0.08874921375856229,0.19672742383147973,0.10945736363556015,0.2144772665831922,0.0014791535626427048,0.06952021744420712,1.036886647412536,0.0029583071252854095,0.19524827026883704,0.03402053194078221,0.0014791535626427048,0.08135344594534877,0.06508275675627902,0.006507649994776045,0.006186532957273611,0.03372753265439945
83,262577,3.3992196668093237,7.724625818209265,0.0,0.0,0.029597829233227804,0.0,0.035534444818300606,0.017347554066652424,0.007201005885646223,0.00042429810656347087,0.04692781122644147,0.495533040742702,0.0,0.0,0.0,0.0004800982186664006,0.004561825054273997,0.0,0.0005729787464772435,0.07457972007512258,0.06159985936791617,0.001031099248925556,3.60669116566931,0.01826938737123511,0.0,0.027557889163109327,0.0004317994233511293,0.002352852391043576,0.0,0.001760832199290626,0.0005517458322300341,0.0008404006384226756,0.006419440417258159,0.0,0.011976562631769076,0.0012967907359118206,0.08428925317935783,0.08544103177712273,0.23431555684332142,0.32752395514563715,0.002589122175064325,0.0,0.01553473305038595,0.4323834032357423,0.06343349328907597,0.270563267294222,0.0,0.09450295938984787,0.5191189961003971,0.006472805437660813,0.2459666066311109,0.02589122175064325,0.002589122175064325,0.07120085981426894,0.10097576482750868,0.008833152905713869,0.002644146150990728,0.035363802993342464
84,113460,1.7672211839767433,6.420248977815169,0.008396884512027546,0.0,0.0062052455775684036,0.0,0.0,0.01330807747785771,0.014875933047878227,0.011958813122213132,0.02737012002445055,0.5546928146669071,0.0,0.0,0.0,0.0037802411979937028,0.0,0.20200850073189217,0.000156506365462677,0.23360730528254584,0.03994685484716701,0.0,3.191744887128234,0.04226426959732683,0.02450622689025417,0.013691342887702539,0.0007499552048405682,0.0,1.3935429327438853e-05,0.0014285805102330048,0.005379101110422578,1.3764349863230101e-05,0.004370150140864955,0.0,0.002540379164091943,0.0001472993705879558,0.020330288584116715,0.010903003955435567,0.07787859968168262,0.020248435917237483,0.0031151439872673047,0.004672715980900957,0.0031151439872673047,0.08255131566258357,0.0327090118663067,0.17912077926787,0.0,0.009345431961801914,0.11993304350979124,0.0,0.18535106724240463,0.012460575949069219,0.021806007910871134,0.02647872389177209,0.029593867879039396,0.0051830456697690205,0.008161558141504209,0.030589259509384466
85,160302,2.4394737112125973,6.57117144830055,0.00013306995768953736,0.0,0.0017261885929011032,0.0,0.01497710261879494,0.023581625851877206,0.05806064433821094,0.0006458018848303374,0.023401436532813673,0.6255966788036529,0.0,0.0,0.0,0.010308539990704961,0.0030906354090081646,0.07881460740937703,0.0006549511784844558,0.06106447015178968,0.03855459735779446,0.0005806975640546829,3.1691876005453055,0.0001285048004366164,0.021788034305859644,0.012828058542528668,0.0007142209719750157,0.0,0.0,0.005771298247919618,0.0053350548368314875,0.00015052921712582992,0.0032592527084378342,0.0,0.003486347105767356,0.0018763848671739546,0.032813566250433995,0.04261036288627261,0.15065806877646387,0.04869755758431155,0.010652590721568152,0.003043597349019472,0.009130792047058417,0.1521798674509736,0.039566765537253135,0.15522346479999308,0.006087194698038944,0.01521798674509736,0.2663147680392038,0.003043597349019472,0.08978612179607443,0.01521798674509736,0.01521798674509736,0.07761173239999654,0.056306550956860234,0.006356340601364968,0.007934780012484372,0.034189889693321734
86,109762,1.6882651717816115,6.501466821362495,0.04489160396343635,0.0028675805563218777,0.03160224081396487,0.008401951023462398,0.0,0.045870385885491326,0.02435462170989562,0.002011668368253214,0.03830500460737539,0.40490367814192324,0.0,0.0,0.0,0.0006780937751220044,0.0021827512054387282,0.0,0.0005694234099448556,0.10604151106755852,0.0648325212557181,0.0005295803503599547,3.0371430689407317,0.004982577844655779,0.0,0.02371143914873514,0.00011230569352740479,0.0,0.0,0.0018094211940856866,0.005368187103103219,0.010446113229800474,0.020697815271225058,0.0,0.008924796707005488,0.00010203232422690009,0.17519207283408023,0.016919258841491345,0.09690120972854133,0.02460983104216923,0.0030762288802711536,0.00461434332040673,0.019995487721762496,0.12458726965098171,0.030762288802711535,0.20149299165776055,0.0,0.007690572200677884,0.11997292633057498,0.03383851768298269,0.03845286100338942,0.016919258841491345,0.0,0.0030762288802711536,0.029224174362575957,0.005903508991318645,0.0027169086676760977,0.029890556539626467
87,117923,1.833305650444575,6.432260761941347,0.009646650183224853,0.0,0.11473536855997636,0.0,0.0,0.03067354970663758,0.12105245052869758,0.0030859240162415045,0.020177410971957417,0.2651962148213919,0.0,0.014024147212612624,0.0,0.02410170793148804,0.0002945964586201002,0.01932208716092236,0.00018078220802074868,0.14344983190685676,0.04619873110923625,0.0012612653145287,3.0620305075970666,0.00538957562220868,0.004047048151821761,0.020897973672503744,0.0003646243440914186,0.0,0.0,0.001514322797138126,0.00133878876403481,0.008570052904268122,0.002583371036909175,0.0,0.01578294029441861,0.0008504854244988817,0.22397395454234342,0.017101296740152733,0.05285855356047209,0.031093266800277696,0.0,0.006218653360055539,0.031093266800277696,0.07773316700069424,0.02176528676019439,0.15702099734140237,0.0,0.00932798004008331,0.09794379042087474,0.0031093266800277697,0.06063187026054151,0.013991970060124963,0.0,0.029538603460263813,0.049749226880444315,0.004400192149747429,0.002587304255339057,0.03426162238447905
88,75471,1.158441571921478,6.514873242576934,0.000941523712351679,0.0,0.003179800307587009,0.0,0.0,0.0,0.02375427067544884,0.0,0.4993886331570128,0.10568279437482633,0.0,0.0,0.0,0.0008464850912626468,0.01461963989391336,0.052444851066133794,0.0,0.012296759345916342,2.621390175089331e-05,0.000492731501047278,3.055840867022595,0.0,0.00017454561781969597,0.005230318227333371,0.0,0.0,0.0,0.00017482886680107783,0.0023600198859808387,0.0,0.0009301450762180096,0.0,0.0006299570955899731,0.0,0.09188922096706113,0.003069898562153627,0.007674746405384068,0.006139797124307254,0.0,0.0,0.03223393490261309,0.056793123399842105,0.0,0.06907271764845661,0.0,0.0,0.024559188497229018,0.0,0.041443630589073965,0.0015349492810768136,0.007674746405384068,0.009209695686460882,0.0,0.0064846511803830515,0.0036684112547858637,0.015626584263416017
89,39,0.0006004542091709086,6.495083122799684,0.00923745655856817,0.0,0.0007501102464213032,0.0,0.0,0.0,0.0,0.04549785121802462,0.014276570169265111,0.011393519486078746,0.0,0.0,0.0,0.0,0.0,0.09719511268724795,0.000791406090500268,0.004272811817388083,0.0,0.0016465456951794133,3.257728352322133,0.0,0.020570890866934324,0.007417739458675982,0.0,0.0009114897903141219,0.0,0.0,0.0,0.0,0.0005913891234204052,0.0,0.0,0.0005914165090697333,0.007452719516101571,0.0,0.012317009418890457,0.006158504709445229,0.0,0.0015396261773613072,0.0015396261773613072,0.03233214972458745,0.0,0.1508833653814081,0.0,0.0,0.01077738324152915,0.0,0.004618878532083921,0.0015396261773613072,0.004618878532083921,0.004618878532083921,0.0,0.006552420545934442,0.001732224515256251,0.03255677767000042
90,68,0.00095454329158624,7.123825666094098,0.0,0.0,0.00586672783059383,0.004871624094311394,0.0,0.0,0.007953359344504668,0.0,0.01844036692127727,0.0,0.0,0.0,0.0,0.0,0.001743705207822211,0.16685785305323028,9.503555793010479e-05,0.0,0.0,0.0002180126252134847,3.212713008963457,0.0,0.06448349448016388,0.006530854303113276,0.0,0.0,0.0,0.0,0.0,0.0,0.0,0.0,0.0,0.01675735271308189,0.0,0.0,0.0,0.0,0.0,0.0,0.0,0.03509350336714136,0.0,0.10106928969736712,0.0,0.0,0.0028074802693713085,0.0,0.0,0.0,0.008422440808113926,0.023863582289656123,0.0,0.0028720775459423497,0.0028651988720474124,0.020101406466033925
91,85775,1.1774153619112213,7.285024705365408,0.09212423990559375,0.007708488010455554,0.015122884413308996,0.0,0.0,0.052853313216109636,0.06573577652961717,0.007182044540773643,0.013820289978804403,0.38558834745919146,0.0,0.0,0.0,0.0,0.0,0.00035401246143496506,0.001176209538901556,0.14836898903320875,0.0585526911920913,0.0011064224802096764,3.093947293173999,0.00022827751628233398,0.003109754983691494,0.01944507271421729,0.0006302270883386312,0.0,0.00021837806259518373,0.00046909830129406895,0.0035049852889985126,0.0009012641046292003,0.012799081960472922,0.0,0.011550056339868612,0.0002803647029870854,0.20397355157592045,0.05902519447645863,0.2882625776757282,0.03843501035676376,0.013726789413129915,0.00823607364787795,0.05627983659383265,0.08647877330271847,0.049416441887267695,0.1317771783660472,0.0013726789413129915,0.042553047180702734,0.41592171921783644,0.06039787341777163,0.2251193463753306,0.01921750517838188,0.0,0.053534478711206666,0.053534478711206666,0.006297140798422579,0.004518475265940543,0.02940423680943522
92,54176,0.816773740474281,6.6329262701983165,0.018087691003494673,7.391375505700845e-05,0.003023578799522814,6.786815708335165e-05,0.0,0.1249855100113083,0.028904321885510384,0.03593125561497667,0.1962618175020375,0.2549529633105152,0.0038536884134955113,0.00041141451526959563,0.0,0.003595741658254845,0.026845186967608695,0.01889446978094978,0.0009373574284933627,0.08231384483118,0.04637296346325647,0.0014910667104230612,3.08501355695929,0.00017254956589889142,0.009832005826308225,0.01758616122136342,0.0006353588889737515,0.0,0.0,0.0015786072860403597,0.008672833487533449,0.0014172242228508854,0.005309632072719141,0.00013269982693439448,0.009627561728802823,0.03457532925430491,0.14192122021493006,0.0346754947410449,0.18091562473588646,0.11759515607832619,0.006030520824529548,0.0045228906183971615,0.13267145813965006,0.14624012999484154,0.02562971350425058,0.18091562473588646,0.0,0.02562971350425058,0.16734695288069495,0.0075381510306619355,0.14473249978870917,0.015076302061323871,0.012061041649059096,0.06633572906982503,0.02110682288585342,0.0063852972719125505,0.005797677726342488,0.032126701822505245
93,364,0.005495266745444581,6.62388227653818,0.011430208138043458,0.0,0.09748232441886114,0.0,0.0,0.005978859447530814,0.005186017727100261,0.026866332438049676,0.1933880020058763,0.017434233317836133,0.0,0.0,0.0,0.0,0.007366756135802729,0.2177911750316325,0.00016377752381097164,0.010076626901382446,0.0,0.0005465543001292664,2.9194311792387047,0.0,0.0011322604893046462,0.009352969882471024,0.0,0.0,0.0,0.0,0.0025437604580071096,9.206685898616282e-05,0.0,0.0,0.18393173072787233,0.0009325560830897007,0.030494080977305417,0.0,0.0,0.012077509330647409,0.0,0.0,0.0015096886663309261,0.004529065998992779,0.0015096886663309261,0.057368169320575195,0.0,0.0,0.0,0.0,0.004529065998992779,0.0,0.004529065998992779,0.0,0.0,0.0035113917088214486,0.00043988964537795464,0.015154790668590844
94,145808,2.0359766868991382,7.161575126976063,0.010187438973557096,3.912308496878549e-06,0.0021838574224807023,0.0,0.0,0.038283814830030904,0.057575806873159885,6.25082681027959e-05,0.0742456246655185,0.4021275162265882,0.0,0.0,0.0,0.0020596385785266362,0.11513841893834198,0.03129952882957806,0.0008240841258287314,0.09915270948378589,0.1189329595799027,0.0011722668224197186,3.0971606786136303,0.005778963767735929,0.00021790079787764366,0.02322782847308898,0.0005944740492452927,0.0006065154934130074,0.0,0.0011888743201389632,0.006418891390724199,0.0002621106531324577,0.004986021292035611,0.0,0.017039208727810697,0.008327467839845228,0.058748464987728496,0.030719499006763025,0.11868897343522078,0.04468290764620077,0.002792681727887548,0.002792681727887548,0.011170726911550192,0.1382377455304336,0.043286566782256994,0.17314626712902798,0.0,0.026530476414931704,0.19967674354395967,0.0041890225918313215,0.05445729369380718,0.02094511295915661,0.009774386047606418,0.016756090367325286,0.027926817278875478,0.005962791292627855,0.0040579800176222276,0.03488412327134132
95,101769,1.4502370817098835,7.017404346054271,0.023030122235987893,0.0,0.04597741841572537,0.0,0.0,0.014998085823820778,0.06863162270053377,0.047191144284056824,0.0942254951972266,0.1921626359950768,0.0058008233902578765,0.0,0.0,0.0002666736348628867,0.003633325909972536,0.17963821100957722,0.00032875835029939763,0.08538344380383939,0.0492059932055398,0.0009786156220179894,2.9125558147207316,0.0,0.013443383421759048,0.007828834182098132,0.0002317917476033301,0.0,0.0,0.0008387942605391156,0.01174839694471003,0.0,0.0012870262107508668,0.0,0.005633073574802562,0.0020414479364662436,0.038764451637790825,0.007125141652712903,0.01852536829705355,0.04417587824682,0.0,0.002850056661085161,0.008550169983255484,0.0513010198995329,0.011400226644340644,0.13395266307100256,0.0,0.007125141652712903,0.06412627487441612,0.0014250283305425806,0.02707553828030903,0.007125141652712903,0.004275084991627742,0.007125141652712903,0.002850056661085161,0.004855379103834923,0.0020731154218276383,0.023144346444673697
96,147086,1.8795657107254542,7.825531140554238,0.027101048317675867,0.0,0.014738608338508074,0.0,0.0,0.007519467628804608,0.049554965992026766,0.00016578048603037705,0.19105186168722296,0.20861848032462693,0.0,0.0,0.0,0.004139433550554569,0.20883624307737372,0.0,0.0009013975798383779,0.030874167669295866,0.01921815458045375,0.0006401330143643821,3.0979498957369827,0.013188995512051348,7.362923639935595e-05,0.00731149021198835,0.0001537171252652843,0.0,0.0,0.00036302081894741794,0.002785894527426056,0.00022605069167465325,0.006759647959373594,0.0,0.011042658632674701,0.0,0.0581273450063859,0.01022294826550699,0.09200653438956291,0.01022294826550699,0.0025557370663767476,0.0012778685331883738,0.0063893426659418695,0.07667211199130243,0.008945079732318617,0.10989669385420014,0.0,0.005111474132753495,0.09072866585637454,0.0,0.03450245039608609,0.008945079732318617,0.0,0.008945079732318617,0.012778685331883739,0.004524504538761216,0.0029498409350263767,0.023505088507383746
97,32817,0.42607077676288047,7.702241456062948,0.022955334495135125,0.00018895665206216492,0.2043827236991384,0.0,0.0,0.0447152747954297,0.036247192728305,0.017750694094701508,0.13345174406494997,0.0558938745022883,0.0,0.0,0.0,0.06380366998889792,0.0010664356848299513,0.0,0.0011927766499184736,0.01342956675636889,0.01001776992327751,0.0014967534783285454,3.0373679333987837,0.0,0.0,0.023263134720573522,0.00024279584753327614,0.0,0.0,0.0001270073134048907,0.0014349923868595266,0.01207185177323561,0.026073724911086827,0.0,0.03217590677391548,0.00450870634710713,0.24989742606858958,0.023369820464185818,0.38040874422258025,0.046739640928371635,0.0025966467182428686,0.016878203668578645,0.11814742568005052,0.0947776052158647,0.044142994210128766,0.13372730598950774,0.0,0.0869876650611361,0.3518456303219087,0.0012983233591214343,0.18046694691787937,0.006491616795607172,0.0,0.0454413175692502,0.022071497105064383,0.008204972140875082,0.0005250594435553288,0.039303799391477684
