experiment_id,module,param,r01_value,new_value,changed_vs_r01,is_allowed_diff
F05,changeMode,ignoreCarAvailability,true,true,False,False
F05,changeMode,modeSwitchBehavior,fromSpecifiedModesToSpecifiedModes,fromSpecifiedModesToSpecifiedModes,False,False
F05,changeMode,modes,"car,pt","car,pt",False,False
F05,controller,cleanItersAtEnd,keep,keep,False,False
F05,controller,compressionType,gzip,gzip,False,False
F05,controller,createGraphsInterval,0,0,False,False
F05,controller,createScoringFunctionType,IterationStarts,IterationStarts,False,False
F05,controller,dumpDataAtEnd,true,true,False,False
F05,controller,enableLinkToLinkRouting,false,false,False,False
F05,controller,eventsFileFormat,xml,xml,False,False
F05,controller,firstIteration,0,0,False,False
F05,controller,lastIteration,19,19,False,False
F05,controller,legDurationsInterval,1,1,False,False
F05,controller,legHistogramInterval,1,1,False,False
F05,controller,memoryObserverInterval,60,60,False,False
F05,controller,mobsim,qsim,qsim,False,False
F05,controller,outputDirectory,D:\Luan\2026-05\2_Singapore\matsim_routechoice_7_6d\outputs\R01_rc_min,D:\Luan\2026-05\2_Singapore\matsim_demand_7_6f_1\outputs\F05_rc_min,True,True
F05,controller,overwriteFiles,deleteDirectoryIfExists,deleteDirectoryIfExists,False,False
F05,controller,routingAlgorithmType,SpeedyALT,SpeedyALT,False,False
F05,controller,runId,R01_rc_min,F05_rc_min,True,True
F05,controller,snapshotFormat,,,False,False
F05,controller,writeEventsInterval,0,0,False,False
F05,controller,writePlansInterval,0,0,False,False
F05,controller,writeSnapshotsInterval,0,0,False,False
F05,controller,writeTripsInterval,0,0,False,False
F05,counts,analyzedModes,car,car,False,False
F05,counts,averageCountsOverIterations,5,5,False,False
F05,counts,countsScaleFactor,1.0,1.0,False,False
F05,counts,distanceFilter,null,null,False,False
F05,counts,distanceFilterCenterNode,null,null,False,False
F05,counts,filterModes,false,false,False,False
F05,counts,inputCRS,null,null,False,False
F05,counts,inputCountsFile,null,null,False,False
F05,counts,outputformat,txt,txt,False,False
F05,counts,writeCountsInterval,10,10,False,False
F05,dsim,endTime,24:00:00,24:00:00,False,False
F05,dsim,linkDynamics,PassingQ,PassingQ,False,False
F05,dsim,networkModes,car,car,False,False
F05,dsim,partitioning,bisect,bisect,False,False
F05,dsim,startTime,00:00:00,00:00:00,False,False
F05,dsim,stuckTime,30.0,30.0,False,False
F05,dsim,threads,0,0,False,False
F05,dsim,trafficDynamics,kinematicWaves,kinematicWaves,False,False
F05,dsim,vehicleBehavior,teleport,teleport,False,False
F05,eventsManager,estimatedNumberOfEvents,null,null,False,False
F05,eventsManager,eventsQueueSize,131072,131072,False,False
F05,eventsManager,numberOfThreads,null,null,False,False
F05,eventsManager,oneThreadPerHandler,false,false,False,False
F05,eventsManager,synchronizeOnSimSteps,true,true,False,False
F05,facilities,facilitiesSource,none,none,False,False
F05,facilities,idPrefix,f_auto_,f_auto_,False,False
F05,facilities,inputCRS,null,null,False,False
F05,facilities,inputFacilitiesFile,null,null,False,False
F05,facilities,inputFacilityAttributesFile,null,null,False,False
F05,facilities,insistingOnUsingDeprecatedFacilitiesAttributeFile,false,false,False,False
F05,global,coordinateSystem,EPSG:3414,EPSG:3414,False,False
F05,global,defaultDelimiter,;,;,False,False
F05,global,insistingOnDeprecatedConfigVersion,true,true,False,False
F05,global,numberOfThreads,8,8,False,False
F05,global,randomSeed,4711,4711,False,False
F05,hermes,endTime,30:00:00,30:00:00,False,False
F05,hermes,flowCapacityFactor,1.0,1.0,False,False
F05,hermes,mainMode,car,car,False,False
F05,hermes,storageCapacityFactor,1.0,1.0,False,False
F05,hermes,stuckTime,10,10,False,False
F05,hermes,useDeterministicPt,false,false,False,False
F05,households,inputFile,null,null,False,False
F05,households,inputHouseholdAttributesFile,null,null,False,False
F05,households,insistingOnUsingDeprecatedHouseholdsAttributeFile,false,false,False,False
F05,linkStats,averageLinkStatsOverIterations,1,1,False,False
F05,linkStats,writeLinkStatsInterval,1,1,False,False
F05,network,inputCRS,null,null,False,False
F05,network,inputChangeEventsFile,null,null,False,False
F05,network,inputNetworkFile,D:\Luan\2026-05\2_Singapore\reports\matsim_network\network_cleaned.xml.gz,D:\Luan\2026-05\2_Singapore\reports\matsim_network\network_cleaned.xml.gz,False,False
F05,network,laneDefinitionsFile,null,null,False,False
F05,network,timeVariantNetwork,false,false,False,False
F05,planInheritance,enabled,false,false,False,False
F05,plans,activityDurationInterpretation,tryEndTimeThenDuration,tryEndTimeThenDuration,False,False
F05,plans,handlingOfPlansWithoutRoutingMode,reject,reject,False,False
F05,plans,inputCRS,null,null,False,False
F05,plans,inputPersonAttributesFile,null,null,False,False
F05,plans,inputPlansFile,D:\Luan\2026-05\2_Singapore\reports\matsim_departure_6_3_3a\population_lambda_0p075.xml.gz,D:\Luan\2026-05\2_Singapore\matsim_demand_7_6f_1\populations\pop_F05\population_lambda_0p075.xml.gz,True,True
F05,plans,insistingOnUsingDeprecatedPersonAttributeFile,false,false,False,False
F05,plans,networkRouteType,LinkNetworkRoute,LinkNetworkRoute,False,False
F05,plans,removingUnnecessaryPlanAttributes,false,false,False,False
F05,plans,tripDurationHandling,ignoreDelays,ignoreDelays,False,False
F05,qsim,delayInstantTeleportationArrivals,true,true,False,False
F05,qsim,endTime,undefined,undefined,False,False
F05,qsim,filterSnapshots,no,no,False,False
F05,qsim,flowCapacityFactor,1.0,1.0,False,False
F05,qsim,insertingWaitingVehiclesBeforeDrivingVehicles,true,true,False,False
F05,qsim,isRestrictingSeepage,true,true,False,False
F05,qsim,isSeepModeStorageFree,false,false,False,False
F05,qsim,linkDynamics,FIFO,FIFO,False,False
F05,qsim,linkWidth,30.0,30.0,False,False
F05,qsim,mainMode,car,car,False,False
F05,qsim,nodeOffset,0.0,0.0,False,False
F05,qsim,notifyAboutStuckVehicles,false,false,False,False
F05,qsim,numberOfThreads,8,8,False,False
F05,qsim,personInitializedEvents,none,none,False,False
F05,qsim,removeStuckVehicles,false,false,False,False
F05,qsim,seepMode,bike,bike,False,False
F05,qsim,simEndtimeInterpretation,null,null,False,False
F05,qsim,simStarttimeInterpretation,maxOfStarttimeAndEarliestActivityEnd,maxOfStarttimeAndEarliestActivityEnd,False,False
F05,qsim,snapshotStyle,queue,queue,False,False
F05,qsim,snapshotperiod,00:00:00,00:00:00,False,False
F05,qsim,startTime,undefined,undefined,False,False
F05,qsim,storageCapacityFactor,1.0,1.0,False,False
F05,qsim,stuckTime,10.0,10.0,False,False
F05,qsim,timeStepSize,00:00:01,00:00:01,False,False
F05,qsim,trafficDynamics,queue,queue,False,False
F05,qsim,useLanes,false,false,False,False
F05,qsim,usePersonIdForMissingVehicleId,false,false,False,False
F05,qsim,usingFastCapacityUpdate,true,true,False,False
F05,qsim,vehicleBehavior,teleport,teleport,False,False
F05,qsim,vehiclesSource,defaultVehicle,defaultVehicle,False,False
F05,replanning,ExternalExeConfigTemplate,null,null,False,False
F05,replanning,ExternalExeTimeOut,3600,3600,False,False
F05,replanning,ExternalExeTmpFileRootDir,null,null,False,False
F05,replanning,fractionOfIterationsToDisableInnovation,0.8,0.8,False,False
F05,replanning,maxAgentPlanMemorySize,5,5,False,False
F05,replanning,planSelectorForRemoval,WorstPlanSelector,WorstPlanSelector,False,False
F05,replanningAnnealer,activateAnnealingModule,false,false,False,False
F05,routing,accessEgressType,accessEgressModeToLink,accessEgressModeToLink,False,False
F05,routing,clearDefaultTeleportedModeParams,false,false,False,False
F05,routing,networkModes,car,car,False,False
F05,routing,networkRouteConsistencyCheck,abortOnInconsistency,abortOnInconsistency,False,False
F05,routing,routingRandomness,0.0,0.0,False,False
F05,scoring,brainExpBeta,1.0,1.0,False,False
F05,scoring,fractionOfIterationsToStartScoreMSA,null,null,False,False
F05,scoring,learningRate,0.5,0.5,False,False
F05,scoring,pathSizeLogitBeta,1.0,1.0,False,False
F05,scoring,usingOldScoringBelowZeroUtilityDuration,false,false,False,False
F05,scoring,writeExperiencedPlans,true,true,False,False
F05,scoring,writeScoreExplanations,false,false,False,False
F05,subtourModeChoice,behavior,fromSpecifiedModesToSpecifiedModes,fromSpecifiedModesToSpecifiedModes,False,False
F05,subtourModeChoice,chainBasedModes,"car,bike","car,bike",False,False
F05,subtourModeChoice,considerCarAvailability,false,false,False,False
F05,subtourModeChoice,coordDistance,0.0,0.0,False,False
F05,subtourModeChoice,modes,"car,pt,bike,walk","car,pt,bike,walk",False,False
F05,subtourModeChoice,probaForRandomSingleTripMode,0.0,0.0,False,False
F05,timeAllocationMutator,latestActivityEndTime,86400.0,86400.0,False,False
F05,timeAllocationMutator,mutateAroundInitialEndTimeOnly,false,false,False,False
F05,timeAllocationMutator,mutationAffectsDuration,true,true,False,False
F05,timeAllocationMutator,mutationRange,1800.0,1800.0,False,False
F05,timeAllocationMutator,mutationRangeStep,1.0,1.0,False,False
F05,transit,inputScheduleCRS,null,null,False,False
F05,transit,insistingOnUsingDeprecatedAttributeFiles,false,false,False,False
F05,transit,routingAlgorithmType,SwissRailRaptor,SwissRailRaptor,False,False
F05,transit,transitLinesAttributesFile,null,null,False,False
F05,transit,transitModes,pt,pt,False,False
F05,transit,transitScheduleFile,null,null,False,False
F05,transit,transitStopsAttributesFile,null,null,False,False
F05,transit,useTransit,false,false,False,False
F05,transit,usingTransitInMobsim,true,true,False,False
F05,transit,vehiclesFile,null,null,False,False
F05,transitRouter,additionalTransferTime,0.0,0.0,False,False
F05,transitRouter,directWalkFactor,1.0,1.0,False,False
F05,transitRouter,extensionRadius,200.0,200.0,False,False
F05,transitRouter,maxBeelineWalkConnectionDistance,100.0,100.0,False,False
F05,transitRouter,searchRadius,1000.0,1000.0,False,False
F05,travelTimeCalculator,analyzedModes,car,car,False,False
F05,travelTimeCalculator,calculateLinkToLinkTravelTimes,false,false,False,False
F05,travelTimeCalculator,calculateLinkTravelTimes,true,true,False,False
F05,travelTimeCalculator,filterModes,false,false,False,False
F05,travelTimeCalculator,maxTime,108000,108000,False,False
F05,travelTimeCalculator,separateModes,true,true,False,False
F05,travelTimeCalculator,travelTimeAggregator,optimistic,optimistic,False,False
F05,travelTimeCalculator,travelTimeBinSize,900.0,900.0,False,False
F05,travelTimeCalculator,travelTimeGetter,average,average,False,False
F05,vehicles,vehiclesFile,null,null,False,False
F05,vspExperimental,isAbleToOverwritePtInteractionParams,false,false,False,False
F05,vspExperimental,isGeneratingBoardingDeniedEvent,false,false,False,False
F05,vspExperimental,isUsingOpportunityCostOfTimeForLocationChoice,true,true,False,False
F05,vspExperimental,logitScaleParamForPlansRemoval,1.0,1.0,False,False
F05,vspExperimental,vspDefaultsCheckingLevel,ignore,ignore,False,False
F05,vspExperimental,writingOutputEvents,true,true,False,False
F15,changeMode,ignoreCarAvailability,true,true,False,False
F15,changeMode,modeSwitchBehavior,fromSpecifiedModesToSpecifiedModes,fromSpecifiedModesToSpecifiedModes,False,False
F15,changeMode,modes,"car,pt","car,pt",False,False
F15,controller,cleanItersAtEnd,keep,keep,False,False
F15,controller,compressionType,gzip,gzip,False,False
F15,controller,createGraphsInterval,0,0,False,False
F15,controller,createScoringFunctionType,IterationStarts,IterationStarts,False,False
F15,controller,dumpDataAtEnd,true,true,False,False
F15,controller,enableLinkToLinkRouting,false,false,False,False
F15,controller,eventsFileFormat,xml,xml,False,False
F15,controller,firstIteration,0,0,False,False
F15,controller,lastIteration,19,19,False,False
F15,controller,legDurationsInterval,1,1,False,False
F15,controller,legHistogramInterval,1,1,False,False
F15,controller,memoryObserverInterval,60,60,False,False
F15,controller,mobsim,qsim,qsim,False,False
F15,controller,outputDirectory,D:\Luan\2026-05\2_Singapore\matsim_routechoice_7_6d\outputs\R01_rc_min,D:\Luan\2026-05\2_Singapore\matsim_demand_7_6f_1\outputs\F15_rc_min,True,True
F15,controller,overwriteFiles,deleteDirectoryIfExists,deleteDirectoryIfExists,False,False
F15,controller,routingAlgorithmType,SpeedyALT,SpeedyALT,False,False
F15,controller,runId,R01_rc_min,F15_rc_min,True,True
F15,controller,snapshotFormat,,,False,False
F15,controller,writeEventsInterval,0,0,False,False
F15,controller,writePlansInterval,0,0,False,False
F15,controller,writeSnapshotsInterval,0,0,False,False
F15,controller,writeTripsInterval,0,0,False,False
F15,counts,analyzedModes,car,car,False,False
F15,counts,averageCountsOverIterations,5,5,False,False
F15,counts,countsScaleFactor,1.0,1.0,False,False
F15,counts,distanceFilter,null,null,False,False
F15,counts,distanceFilterCenterNode,null,null,False,False
F15,counts,filterModes,false,false,False,False
F15,counts,inputCRS,null,null,False,False
F15,counts,inputCountsFile,null,null,False,False
F15,counts,outputformat,txt,txt,False,False
F15,counts,writeCountsInterval,10,10,False,False
F15,dsim,endTime,24:00:00,24:00:00,False,False
F15,dsim,linkDynamics,PassingQ,PassingQ,False,False
F15,dsim,networkModes,car,car,False,False
F15,dsim,partitioning,bisect,bisect,False,False
F15,dsim,startTime,00:00:00,00:00:00,False,False
F15,dsim,stuckTime,30.0,30.0,False,False
F15,dsim,threads,0,0,False,False
F15,dsim,trafficDynamics,kinematicWaves,kinematicWaves,False,False
F15,dsim,vehicleBehavior,teleport,teleport,False,False
F15,eventsManager,estimatedNumberOfEvents,null,null,False,False
F15,eventsManager,eventsQueueSize,131072,131072,False,False
F15,eventsManager,numberOfThreads,null,null,False,False
F15,eventsManager,oneThreadPerHandler,false,false,False,False
F15,eventsManager,synchronizeOnSimSteps,true,true,False,False
F15,facilities,facilitiesSource,none,none,False,False
F15,facilities,idPrefix,f_auto_,f_auto_,False,False
F15,facilities,inputCRS,null,null,False,False
F15,facilities,inputFacilitiesFile,null,null,False,False
F15,facilities,inputFacilityAttributesFile,null,null,False,False
F15,facilities,insistingOnUsingDeprecatedFacilitiesAttributeFile,false,false,False,False
F15,global,coordinateSystem,EPSG:3414,EPSG:3414,False,False
F15,global,defaultDelimiter,;,;,False,False
F15,global,insistingOnDeprecatedConfigVersion,true,true,False,False
F15,global,numberOfThreads,8,8,False,False
F15,global,randomSeed,4711,4711,False,False
F15,hermes,endTime,30:00:00,30:00:00,False,False
F15,hermes,flowCapacityFactor,1.0,1.0,False,False
F15,hermes,mainMode,car,car,False,False
F15,hermes,storageCapacityFactor,1.0,1.0,False,False
F15,hermes,stuckTime,10,10,False,False
F15,hermes,useDeterministicPt,false,false,False,False
F15,households,inputFile,null,null,False,False
F15,households,inputHouseholdAttributesFile,null,null,False,False
F15,households,insistingOnUsingDeprecatedHouseholdsAttributeFile,false,false,False,False
F15,linkStats,averageLinkStatsOverIterations,1,1,False,False
F15,linkStats,writeLinkStatsInterval,1,1,False,False
F15,network,inputCRS,null,null,False,False
F15,network,inputChangeEventsFile,null,null,False,False
F15,network,inputNetworkFile,D:\Luan\2026-05\2_Singapore\reports\matsim_network\network_cleaned.xml.gz,D:\Luan\2026-05\2_Singapore\reports\matsim_network\network_cleaned.xml.gz,False,False
F15,network,laneDefinitionsFile,null,null,False,False
F15,network,timeVariantNetwork,false,false,False,False
F15,planInheritance,enabled,false,false,False,False
F15,plans,activityDurationInterpretation,tryEndTimeThenDuration,tryEndTimeThenDuration,False,False
F15,plans,handlingOfPlansWithoutRoutingMode,reject,reject,False,False
F15,plans,inputCRS,null,null,False,False
F15,plans,inputPersonAttributesFile,null,null,False,False
F15,plans,inputPlansFile,D:\Luan\2026-05\2_Singapore\reports\matsim_departure_6_3_3a\population_lambda_0p075.xml.gz,D:\Luan\2026-05\2_Singapore\matsim_demand_7_6f_1\populations\pop_F15\population_lambda_0p075.xml.gz,True,True
F15,plans,insistingOnUsingDeprecatedPersonAttributeFile,false,false,False,False
F15,plans,networkRouteType,LinkNetworkRoute,LinkNetworkRoute,False,False
F15,plans,removingUnnecessaryPlanAttributes,false,false,False,False
F15,plans,tripDurationHandling,ignoreDelays,ignoreDelays,False,False
F15,qsim,delayInstantTeleportationArrivals,true,true,False,False
F15,qsim,endTime,undefined,undefined,False,False
F15,qsim,filterSnapshots,no,no,False,False
F15,qsim,flowCapacityFactor,1.0,1.0,False,False
F15,qsim,insertingWaitingVehiclesBeforeDrivingVehicles,true,true,False,False
F15,qsim,isRestrictingSeepage,true,true,False,False
F15,qsim,isSeepModeStorageFree,false,false,False,False
F15,qsim,linkDynamics,FIFO,FIFO,False,False
F15,qsim,linkWidth,30.0,30.0,False,False
F15,qsim,mainMode,car,car,False,False
F15,qsim,nodeOffset,0.0,0.0,False,False
F15,qsim,notifyAboutStuckVehicles,false,false,False,False
F15,qsim,numberOfThreads,8,8,False,False
F15,qsim,personInitializedEvents,none,none,False,False
F15,qsim,removeStuckVehicles,false,false,False,False
F15,qsim,seepMode,bike,bike,False,False
F15,qsim,simEndtimeInterpretation,null,null,False,False
F15,qsim,simStarttimeInterpretation,maxOfStarttimeAndEarliestActivityEnd,maxOfStarttimeAndEarliestActivityEnd,False,False
F15,qsim,snapshotStyle,queue,queue,False,False
F15,qsim,snapshotperiod,00:00:00,00:00:00,False,False
F15,qsim,startTime,undefined,undefined,False,False
F15,qsim,storageCapacityFactor,1.0,1.0,False,False
F15,qsim,stuckTime,10.0,10.0,False,False
F15,qsim,timeStepSize,00:00:01,00:00:01,False,False
F15,qsim,trafficDynamics,queue,queue,False,False
F15,qsim,useLanes,false,false,False,False
F15,qsim,usePersonIdForMissingVehicleId,false,false,False,False
F15,qsim,usingFastCapacityUpdate,true,true,False,False
F15,qsim,vehicleBehavior,teleport,teleport,False,False
F15,qsim,vehiclesSource,defaultVehicle,defaultVehicle,False,False
F15,replanning,ExternalExeConfigTemplate,null,null,False,False
F15,replanning,ExternalExeTimeOut,3600,3600,False,False
F15,replanning,ExternalExeTmpFileRootDir,null,null,False,False
F15,replanning,fractionOfIterationsToDisableInnovation,0.8,0.8,False,False
F15,replanning,maxAgentPlanMemorySize,5,5,False,False
F15,replanning,planSelectorForRemoval,WorstPlanSelector,WorstPlanSelector,False,False
F15,replanningAnnealer,activateAnnealingModule,false,false,False,False
F15,routing,accessEgressType,accessEgressModeToLink,accessEgressModeToLink,False,False
F15,routing,clearDefaultTeleportedModeParams,false,false,False,False
F15,routing,networkModes,car,car,False,False
F15,routing,networkRouteConsistencyCheck,abortOnInconsistency,abortOnInconsistency,False,False
F15,routing,routingRandomness,0.0,0.0,False,False
F15,scoring,brainExpBeta,1.0,1.0,False,False
F15,scoring,fractionOfIterationsToStartScoreMSA,null,null,False,False
F15,scoring,learningRate,0.5,0.5,False,False
F15,scoring,pathSizeLogitBeta,1.0,1.0,False,False
F15,scoring,usingOldScoringBelowZeroUtilityDuration,false,false,False,False
F15,scoring,writeExperiencedPlans,true,true,False,False
F15,scoring,writeScoreExplanations,false,false,False,False
F15,subtourModeChoice,behavior,fromSpecifiedModesToSpecifiedModes,fromSpecifiedModesToSpecifiedModes,False,False
F15,subtourModeChoice,chainBasedModes,"car,bike","car,bike",False,False
F15,subtourModeChoice,considerCarAvailability,false,false,False,False
F15,subtourModeChoice,coordDistance,0.0,0.0,False,False
F15,subtourModeChoice,modes,"car,pt,bike,walk","car,pt,bike,walk",False,False
F15,subtourModeChoice,probaForRandomSingleTripMode,0.0,0.0,False,False
F15,timeAllocationMutator,latestActivityEndTime,86400.0,86400.0,False,False
F15,timeAllocationMutator,mutateAroundInitialEndTimeOnly,false,false,False,False
F15,timeAllocationMutator,mutationAffectsDuration,true,true,False,False
F15,timeAllocationMutator,mutationRange,1800.0,1800.0,False,False
F15,timeAllocationMutator,mutationRangeStep,1.0,1.0,False,False
F15,transit,inputScheduleCRS,null,null,False,False
F15,transit,insistingOnUsingDeprecatedAttributeFiles,false,false,False,False
F15,transit,routingAlgorithmType,SwissRailRaptor,SwissRailRaptor,False,False
F15,transit,transitLinesAttributesFile,null,null,False,False
F15,transit,transitModes,pt,pt,False,False
F15,transit,transitScheduleFile,null,null,False,False
F15,transit,transitStopsAttributesFile,null,null,False,False
F15,transit,useTransit,false,false,False,False
F15,transit,usingTransitInMobsim,true,true,False,False
F15,transit,vehiclesFile,null,null,False,False
F15,transitRouter,additionalTransferTime,0.0,0.0,False,False
F15,transitRouter,directWalkFactor,1.0,1.0,False,False
F15,transitRouter,extensionRadius,200.0,200.0,False,False
F15,transitRouter,maxBeelineWalkConnectionDistance,100.0,100.0,False,False
F15,transitRouter,searchRadius,1000.0,1000.0,False,False
F15,travelTimeCalculator,analyzedModes,car,car,False,False
F15,travelTimeCalculator,calculateLinkToLinkTravelTimes,false,false,False,False
F15,travelTimeCalculator,calculateLinkTravelTimes,true,true,False,False
F15,travelTimeCalculator,filterModes,false,false,False,False
F15,travelTimeCalculator,maxTime,108000,108000,False,False
F15,travelTimeCalculator,separateModes,true,true,False,False
F15,travelTimeCalculator,travelTimeAggregator,optimistic,optimistic,False,False
F15,travelTimeCalculator,travelTimeBinSize,900.0,900.0,False,False
F15,travelTimeCalculator,travelTimeGetter,average,average,False,False
F15,vehicles,vehiclesFile,null,null,False,False
F15,vspExperimental,isAbleToOverwritePtInteractionParams,false,false,False,False
F15,vspExperimental,isGeneratingBoardingDeniedEvent,false,false,False,False
F15,vspExperimental,isUsingOpportunityCostOfTimeForLocationChoice,true,true,False,False
F15,vspExperimental,logitScaleParamForPlansRemoval,1.0,1.0,False,False
F15,vspExperimental,vspDefaultsCheckingLevel,ignore,ignore,False,False
F15,vspExperimental,writingOutputEvents,true,true,False,False
F25,changeMode,ignoreCarAvailability,true,true,False,False
F25,changeMode,modeSwitchBehavior,fromSpecifiedModesToSpecifiedModes,fromSpecifiedModesToSpecifiedModes,False,False
F25,changeMode,modes,"car,pt","car,pt",False,False
F25,controller,cleanItersAtEnd,keep,keep,False,False
F25,controller,compressionType,gzip,gzip,False,False
F25,controller,createGraphsInterval,0,0,False,False
F25,controller,createScoringFunctionType,IterationStarts,IterationStarts,False,False
F25,controller,dumpDataAtEnd,true,true,False,False
F25,controller,enableLinkToLinkRouting,false,false,False,False
F25,controller,eventsFileFormat,xml,xml,False,False
F25,controller,firstIteration,0,0,False,False
F25,controller,lastIteration,19,19,False,False
F25,controller,legDurationsInterval,1,1,False,False
F25,controller,legHistogramInterval,1,1,False,False
F25,controller,memoryObserverInterval,60,60,False,False
F25,controller,mobsim,qsim,qsim,False,False
F25,controller,outputDirectory,D:\Luan\2026-05\2_Singapore\matsim_routechoice_7_6d\outputs\R01_rc_min,D:\Luan\2026-05\2_Singapore\matsim_demand_7_6f_1\outputs\F25_rc_min,True,True
F25,controller,overwriteFiles,deleteDirectoryIfExists,deleteDirectoryIfExists,False,False
F25,controller,routingAlgorithmType,SpeedyALT,SpeedyALT,False,False
F25,controller,runId,R01_rc_min,F25_rc_min,True,True
F25,controller,snapshotFormat,,,False,False
F25,controller,writeEventsInterval,0,0,False,False
F25,controller,writePlansInterval,0,0,False,False
F25,controller,writeSnapshotsInterval,0,0,False,False
F25,controller,writeTripsInterval,0,0,False,False
F25,counts,analyzedModes,car,car,False,False
F25,counts,averageCountsOverIterations,5,5,False,False
F25,counts,countsScaleFactor,1.0,1.0,False,False
F25,counts,distanceFilter,null,null,False,False
F25,counts,distanceFilterCenterNode,null,null,False,False
F25,counts,filterModes,false,false,False,False
F25,counts,inputCRS,null,null,False,False
F25,counts,inputCountsFile,null,null,False,False
F25,counts,outputformat,txt,txt,False,False
F25,counts,writeCountsInterval,10,10,False,False
F25,dsim,endTime,24:00:00,24:00:00,False,False
F25,dsim,linkDynamics,PassingQ,PassingQ,False,False
F25,dsim,networkModes,car,car,False,False
F25,dsim,partitioning,bisect,bisect,False,False
F25,dsim,startTime,00:00:00,00:00:00,False,False
F25,dsim,stuckTime,30.0,30.0,False,False
F25,dsim,threads,0,0,False,False
F25,dsim,trafficDynamics,kinematicWaves,kinematicWaves,False,False
F25,dsim,vehicleBehavior,teleport,teleport,False,False
F25,eventsManager,estimatedNumberOfEvents,null,null,False,False
F25,eventsManager,eventsQueueSize,131072,131072,False,False
F25,eventsManager,numberOfThreads,null,null,False,False
F25,eventsManager,oneThreadPerHandler,false,false,False,False
F25,eventsManager,synchronizeOnSimSteps,true,true,False,False
F25,facilities,facilitiesSource,none,none,False,False
F25,facilities,idPrefix,f_auto_,f_auto_,False,False
F25,facilities,inputCRS,null,null,False,False
F25,facilities,inputFacilitiesFile,null,null,False,False
F25,facilities,inputFacilityAttributesFile,null,null,False,False
F25,facilities,insistingOnUsingDeprecatedFacilitiesAttributeFile,false,false,False,False
F25,global,coordinateSystem,EPSG:3414,EPSG:3414,False,False
F25,global,defaultDelimiter,;,;,False,False
F25,global,insistingOnDeprecatedConfigVersion,true,true,False,False
F25,global,numberOfThreads,8,8,False,False
F25,global,randomSeed,4711,4711,False,False
F25,hermes,endTime,30:00:00,30:00:00,False,False
F25,hermes,flowCapacityFactor,1.0,1.0,False,False
F25,hermes,mainMode,car,car,False,False
F25,hermes,storageCapacityFactor,1.0,1.0,False,False
F25,hermes,stuckTime,10,10,False,False
F25,hermes,useDeterministicPt,false,false,False,False
F25,households,inputFile,null,null,False,False
F25,households,inputHouseholdAttributesFile,null,null,False,False
F25,households,insistingOnUsingDeprecatedHouseholdsAttributeFile,false,false,False,False
F25,linkStats,averageLinkStatsOverIterations,1,1,False,False
F25,linkStats,writeLinkStatsInterval,1,1,False,False
F25,network,inputCRS,null,null,False,False
F25,network,inputChangeEventsFile,null,null,False,False
F25,network,inputNetworkFile,D:\Luan\2026-05\2_Singapore\reports\matsim_network\network_cleaned.xml.gz,D:\Luan\2026-05\2_Singapore\reports\matsim_network\network_cleaned.xml.gz,False,False
F25,network,laneDefinitionsFile,null,null,False,False
F25,network,timeVariantNetwork,false,false,False,False
F25,planInheritance,enabled,false,false,False,False
F25,plans,activityDurationInterpretation,tryEndTimeThenDuration,tryEndTimeThenDuration,False,False
F25,plans,handlingOfPlansWithoutRoutingMode,reject,reject,False,False
F25,plans,inputCRS,null,null,False,False
F25,plans,inputPersonAttributesFile,null,null,False,False
F25,plans,inputPlansFile,D:\Luan\2026-05\2_Singapore\reports\matsim_departure_6_3_3a\population_lambda_0p075.xml.gz,D:\Luan\2026-05\2_Singapore\matsim_demand_7_6f_1\populations\pop_F25\population_lambda_0p075.xml.gz,True,True
F25,plans,insistingOnUsingDeprecatedPersonAttributeFile,false,false,False,False
F25,plans,networkRouteType,LinkNetworkRoute,LinkNetworkRoute,False,False
F25,plans,removingUnnecessaryPlanAttributes,false,false,False,False
F25,plans,tripDurationHandling,ignoreDelays,ignoreDelays,False,False
F25,qsim,delayInstantTeleportationArrivals,true,true,False,False
F25,qsim,endTime,undefined,undefined,False,False
F25,qsim,filterSnapshots,no,no,False,False
F25,qsim,flowCapacityFactor,1.0,1.0,False,False
F25,qsim,insertingWaitingVehiclesBeforeDrivingVehicles,true,true,False,False
F25,qsim,isRestrictingSeepage,true,true,False,False
F25,qsim,isSeepModeStorageFree,false,false,False,False
F25,qsim,linkDynamics,FIFO,FIFO,False,False
F25,qsim,linkWidth,30.0,30.0,False,False
F25,qsim,mainMode,car,car,False,False
F25,qsim,nodeOffset,0.0,0.0,False,False
F25,qsim,notifyAboutStuckVehicles,false,false,False,False
F25,qsim,numberOfThreads,8,8,False,False
F25,qsim,personInitializedEvents,none,none,False,False
F25,qsim,removeStuckVehicles,false,false,False,False
F25,qsim,seepMode,bike,bike,False,False
F25,qsim,simEndtimeInterpretation,null,null,False,False
F25,qsim,simStarttimeInterpretation,maxOfStarttimeAndEarliestActivityEnd,maxOfStarttimeAndEarliestActivityEnd,False,False
F25,qsim,snapshotStyle,queue,queue,False,False
F25,qsim,snapshotperiod,00:00:00,00:00:00,False,False
F25,qsim,startTime,undefined,undefined,False,False
F25,qsim,storageCapacityFactor,1.0,1.0,False,False
F25,qsim,stuckTime,10.0,10.0,False,False
F25,qsim,timeStepSize,00:00:01,00:00:01,False,False
F25,qsim,trafficDynamics,queue,queue,False,False
F25,qsim,useLanes,false,false,False,False
F25,qsim,usePersonIdForMissingVehicleId,false,false,False,False
F25,qsim,usingFastCapacityUpdate,true,true,False,False
F25,qsim,vehicleBehavior,teleport,teleport,False,False
F25,qsim,vehiclesSource,defaultVehicle,defaultVehicle,False,False
F25,replanning,ExternalExeConfigTemplate,null,null,False,False
F25,replanning,ExternalExeTimeOut,3600,3600,False,False
F25,replanning,ExternalExeTmpFileRootDir,null,null,False,False
F25,replanning,fractionOfIterationsToDisableInnovation,0.8,0.8,False,False
F25,replanning,maxAgentPlanMemorySize,5,5,False,False
F25,replanning,planSelectorForRemoval,WorstPlanSelector,WorstPlanSelector,False,False
F25,replanningAnnealer,activateAnnealingModule,false,false,False,False
F25,routing,accessEgressType,accessEgressModeToLink,accessEgressModeToLink,False,False
F25,routing,clearDefaultTeleportedModeParams,false,false,False,False
F25,routing,networkModes,car,car,False,False
F25,routing,networkRouteConsistencyCheck,abortOnInconsistency,abortOnInconsistency,False,False
F25,routing,routingRandomness,0.0,0.0,False,False
F25,scoring,brainExpBeta,1.0,1.0,False,False
F25,scoring,fractionOfIterationsToStartScoreMSA,null,null,False,False
F25,scoring,learningRate,0.5,0.5,False,False
F25,scoring,pathSizeLogitBeta,1.0,1.0,False,False
F25,scoring,usingOldScoringBelowZeroUtilityDuration,false,false,False,False
F25,scoring,writeExperiencedPlans,true,true,False,False
F25,scoring,writeScoreExplanations,false,false,False,False
F25,subtourModeChoice,behavior,fromSpecifiedModesToSpecifiedModes,fromSpecifiedModesToSpecifiedModes,False,False
F25,subtourModeChoice,chainBasedModes,"car,bike","car,bike",False,False
F25,subtourModeChoice,considerCarAvailability,false,false,False,False
F25,subtourModeChoice,coordDistance,0.0,0.0,False,False
F25,subtourModeChoice,modes,"car,pt,bike,walk","car,pt,bike,walk",False,False
F25,subtourModeChoice,probaForRandomSingleTripMode,0.0,0.0,False,False
F25,timeAllocationMutator,latestActivityEndTime,86400.0,86400.0,False,False
F25,timeAllocationMutator,mutateAroundInitialEndTimeOnly,false,false,False,False
F25,timeAllocationMutator,mutationAffectsDuration,true,true,False,False
F25,timeAllocationMutator,mutationRange,1800.0,1800.0,False,False
F25,timeAllocationMutator,mutationRangeStep,1.0,1.0,False,False
F25,transit,inputScheduleCRS,null,null,False,False
F25,transit,insistingOnUsingDeprecatedAttributeFiles,false,false,False,False
F25,transit,routingAlgorithmType,SwissRailRaptor,SwissRailRaptor,False,False
F25,transit,transitLinesAttributesFile,null,null,False,False
F25,transit,transitModes,pt,pt,False,False
F25,transit,transitScheduleFile,null,null,False,False
F25,transit,transitStopsAttributesFile,null,null,False,False
F25,transit,useTransit,false,false,False,False
F25,transit,usingTransitInMobsim,true,true,False,False
F25,transit,vehiclesFile,null,null,False,False
F25,transitRouter,additionalTransferTime,0.0,0.0,False,False
F25,transitRouter,directWalkFactor,1.0,1.0,False,False
F25,transitRouter,extensionRadius,200.0,200.0,False,False
F25,transitRouter,maxBeelineWalkConnectionDistance,100.0,100.0,False,False
F25,transitRouter,searchRadius,1000.0,1000.0,False,False
F25,travelTimeCalculator,analyzedModes,car,car,False,False
F25,travelTimeCalculator,calculateLinkToLinkTravelTimes,false,false,False,False
F25,travelTimeCalculator,calculateLinkTravelTimes,true,true,False,False
F25,travelTimeCalculator,filterModes,false,false,False,False
F25,travelTimeCalculator,maxTime,108000,108000,False,False
F25,travelTimeCalculator,separateModes,true,true,False,False
F25,travelTimeCalculator,travelTimeAggregator,optimistic,optimistic,False,False
F25,travelTimeCalculator,travelTimeBinSize,900.0,900.0,False,False
F25,travelTimeCalculator,travelTimeGetter,average,average,False,False
F25,vehicles,vehiclesFile,null,null,False,False
F25,vspExperimental,isAbleToOverwritePtInteractionParams,false,false,False,False
F25,vspExperimental,isGeneratingBoardingDeniedEvent,false,false,False,False
F25,vspExperimental,isUsingOpportunityCostOfTimeForLocationChoice,true,true,False,False
F25,vspExperimental,logitScaleParamForPlansRemoval,1.0,1.0,False,False
F25,vspExperimental,vspDefaultsCheckingLevel,ignore,ignore,False,False
F25,vspExperimental,writingOutputEvents,true,true,False,False
