sid,obs,road,chain_len,up_depth,dn_depth,hr_nodes,hr_max,Cin,Cout,out_head,near_in,main_in,near_out,main_out,sum_in_fl,sum_out_fl
48461,4118.0,AYER RAJAH EXPRESSWAY,2,0,1,2319,60,126,119,0,hop=11 fl=23 db=178.6 do=1445.1m primary,hop=58 fl=671 db=179.1 do=2325.5m tertiary,hop=11 fl=23 db=84.3 do=1458.3m primary,hop=58 fl=708 db=89.8 do=2330.2m tertiary,5469.0,5210.0
49054,3481.5,AYER RAJAH EXPRESSWAY,1,0,0,620,60,31,31,0,hop=12 fl=173 db=179.3 do=550.8m trunk,hop=30 fl=197 db=179.1 do=63.7m motorway,hop=12 fl=173 db=179.8 do=572.6m trunk,hop=30 fl=197 db=143.6 do=171.2m motorway_link,1838.0,1839.0
45956,3029.0,PAN ISLAND EXPRESSWAY,15,7,9,932,60,75,73,0,hop=17 fl=680 db=136.5 do=568.3m motorway_link,hop=59 fl=930 db=149.9 do=2090.2m tertiary,hop=17 fl=475 db=174.2 do=580.4m primary,hop=59 fl=930 db=152.3 do=2122.0m tertiary,11546.0,11324.0
49104,2896.0,AYER RAJAH EXPRESSWAY,3,0,1,585,60,28,28,0,hop=13 fl=173 db=179.4 do=302.5m trunk,hop=29 fl=197 db=179.1 do=113.9m motorway,hop=13 fl=173 db=179.7 do=324.2m trunk,hop=29 fl=197 db=143.7 do=5.2m motorway_link,1735.0,1736.0
48586,2532.0,AYER RAJAH EXPRESSWAY,15,8,8,336,60,15,15,0,hop=10 fl=3 db=0.8 do=407.9m primary,hop=51 fl=173 db=138.0 do=5640.8m trunk,hop=10 fl=3 db=9.4 do=367.2m primary,hop=51 fl=173 db=137.2 do=5661.7m trunk,534.0,534.0
48708,2393.5,AYER RAJAH EXPRESSWAY,22,8,15,1780,60,110,104,0,hop=17 fl=23 db=179.9 do=1445.1m primary,hop=42 fl=197 db=178.9 do=2022.3m motorway,hop=17 fl=23 db=85.6 do=1458.3m primary,hop=42 fl=197 db=143.8 do=2131.5m motorway_link,3601.0,3388.0
47189,2334.5,PAN ISLAND EXPRESSWAY,5,0,4,1184,60,107,106,0,hop=12 fl=680 db=163.4 do=568.3m motorway_link,hop=54 fl=930 db=176.8 do=2090.2m tertiary,hop=12 fl=475 db=159.0 do=580.4m primary,hop=54 fl=930 db=179.2 do=2122.0m tertiary,16819.0,16594.0
48337,2052.5,AYER RAJAH EXPRESSWAY,6,2,5,484,60,25,25,0,hop=5 fl=3 db=0.7 do=407.9m primary,hop=46 fl=173 db=138.1 do=5640.8m trunk,hop=5 fl=3 db=9.4 do=367.2m primary,hop=46 fl=173 db=137.2 do=5661.7m trunk,711.0,711.0
47163,1967.0,AYER RAJAH EXPRESSWAY,14,10,7,1457,60,92,87,0,hop=21 fl=23 db=179.0 do=1445.1m primary,hop=46 fl=197 db=179.8 do=2022.3m motorway,hop=21 fl=23 db=84.7 do=1458.3m primary,hop=46 fl=197 db=142.9 do=2131.5m motorway_link,2636.0,2530.0
45927,1780.5,JALAN AHMAD IBRAHIM,12,6,11,1157,60,87,86,0,hop=6 fl=680 db=166.6 do=191.7m motorway_link,hop=6 fl=680 db=166.6 do=191.7m motorway_link,hop=6 fl=475 db=155.7 do=202.8m primary,hop=9 fl=546 db=74.8 do=240.5m primary,6686.0,6582.0
48983,669.5,AYER RAJAH EXPRESSWAY,12,10,5,336,60,15,15,0,hop=10 fl=3 db=5.4 do=407.9m primary,hop=51 fl=173 db=133.4 do=5640.8m trunk,hop=10 fl=3 db=4.8 do=367.2m primary,hop=51 fl=173 db=132.6 do=5661.7m trunk,534.0,534.0
49027,581.5,AYER RAJAH EXPRESSWAY,9,8,4,695,60,41,41,0,hop=9 fl=11 db=19.0 do=458.8m primary,hop=58 fl=197 db=127.5 do=3712.9m motorway,hop=9 fl=11 db=6.0 do=368.3m primary,hop=58 fl=197 db=164.8 do=3821.7m motorway_link,1107.0,1107.0
129352,406.5,UPPER JURONG ROAD,28,16,16,618,60,48,47,0,hop=26 fl=680 db=128.5 do=568.3m motorway_link,hop=26 fl=680 db=128.5 do=568.3m motorway_link,hop=26 fl=475 db=166.2 do=580.4m primary,hop=29 fl=546 db=112.9 do=625.9m primary,6838.0,6733.0
172382,119.0,EAST COAST PARK SERVICE ROAD,19,13,18,98,36,47,45,0,hop=2 fl=11 db=114.1 do=54.1m unclassified,hop=23 fl=148 db=155.5 do=1526.7m service,hop=2 fl=11 db=115.0 do=53.9m unclassified,hop=22 fl=148 db=155.5 do=1526.7m service,2291.0,2142.0
