sid,obs,cls,hop,db,do,hw,flA,A_n,A_km,fl_in,fl_out,R_cons,Rn,Rd,carry,hop_max,dom,dn_live,capped
48461,4118.0,D2,11,178.6,1445.1,primary,218.0,52,3319.927,218.0,137.0,0.628,1.0,1.0,0.053,120,5672,0,False
49054,3481.5,D2,12,179.3,550.8,trunk,355.0,43,3672.215,356.0,196.0,0.552,0.997,1.0,0.102,120,4408,0,False
45956,3029.0,D4,17,136.5,568.3,motorway_link,2103.0,20,1258.327,2103.0,680.0,0.323,1.0,1.0,0.694,120,5571,0,False
49104,2896.0,D3,13,179.4,302.5,trunk,355.0,43,3672.215,356.0,196.0,0.552,0.997,1.0,0.123,120,4369,1,False
48586,2532.0,D3,10,0.8,407.9,primary,363.0,28,1178.773,363.0,0.0,0.041,1.0,0.0,0.143,120,4141,1,False
48708,2393.5,D2,17,179.9,1445.1,primary,218.0,52,3319.927,218.0,137.0,0.628,1.0,1.0,0.091,120,5384,0,False
47189,2334.5,D2,12,163.4,568.3,motorway_link,2103.0,20,1258.327,2103.0,680.0,0.323,1.0,1.0,0.901,120,5755,0,False
48337,2052.5,D4,5,0.7,407.9,primary,363.0,28,1178.773,363.0,0.0,0.041,1.0,0.0,0.177,120,4396,0,False
47163,1967.0,D2,21,179.0,1445.1,primary,218.0,52,3319.927,218.0,137.0,0.628,1.0,1.0,0.111,120,5181,0,False
45927,1780.5,D2,6,166.6,191.7,motorway_link,2103.0,20,1258.327,2103.0,680.0,0.323,1.0,1.0,1.181,120,5963,0,False
48983,669.5,D4,10,5.4,407.9,primary,363.0,28,1178.773,363.0,0.0,0.041,1.0,0.0,0.542,120,4141,0,False
49027,581.5,D3,9,19.0,458.8,primary,11.0,8,639.01,11.0,11.0,1.0,1.0,1.0,0.019,120,4634,2,False
129352,406.5,D3,26,128.5,568.3,motorway_link,2103.0,20,1258.327,2103.0,680.0,0.323,1.0,1.0,5.173,120,5175,2,False
172382,119.0,D3,2,114.1,54.1,unclassified,11.0,129,3220.347,21.0,147.0,13.364,0.524,1.0,0.092,36,98,1,False
